Job_ID,Job_Title,Industry,Location,Experience_Level,Education,Employment_Type,Posting_Year,Salary_INR_Annual,Demand_Score,Skills
1,Software Developer,Banking,Bengaluru,2-5,Any Degree,Full-time,2024,800941.0,42,"Java, Python, Git, Communication, Agile, Django"
2,Machine Learning Engineer,Healthcare,Chennai,2-5,Any Degree,Internship,2023,1134805.0,42,"Python, TensorFlow, Machine Learning, Problem Solving, Django, Azure"
3,Data Analyst,Telecom,Pune,2-5,Any Degree,Full-time,2025,404594.0,65,"Excel, Python, SQL, Project Management, AWS, JavaScript"
4,Database Administrator,Banking,Visakhapatnam,8+,Diploma,Internship,2023,1060868.0,44,"SQL, Oracle, Linux, AWS, Power BI, PyTorch"
5,Machine Learning Engineer,Healthcare,Bengaluru,2-5,Diploma,Full-time,2025,1179945.0,68,"Python, TensorFlow, Machine Learning, AWS, C++, Linux"
6,Database Administrator,Banking,Chennai,2-5,Diploma,Internship,2023,670241.0,47,"SQL, Oracle, Linux, HTML/CSS, JavaScript, Machine Learning"
7,AI Engineer,EdTech,Chennai,0-2,Diploma,Full-time,2023,881513.0,56,"Python, Deep Learning, TensorFlow, AWS, C++, Power BI"
8,Product Manager,Consulting,Noida,2-5,Any Degree,Internship,2024,928988.0,53,"Product Management, Agile, Communication, Deep Learning, HTML/CSS, Figma"
9,Database Administrator,E-commerce,Chennai,0-2,Bachelor's Degree,Contract,2026,618330.0,56,"SQL, Oracle, Linux, Java, Selenium, JavaScript"
10,Mobile App Developer,Manufacturing,Gurugram,0-2,Diploma,Internship,2025,474085.0,60,"Flutter, Dart, Firebase, Power BI, Spring Boot, Statistics"
11,Software Developer,Telecom,Mumbai,0-2,Bachelor's Degree,Internship,2024,666144.0,40,"Java, Python, Git, Agile, Docker, PyTorch"
12,Project Manager,Healthcare,Visakhapatnam,2-5,Diploma,Contract,2024,946813.0,54,"Project Management, Agile, Communication, Problem Solving, Machine Learning, Python"
13,Software Developer,Banking,Delhi NCR,2-5,Master's Degree,Full-time,2024,843402.0,37,"Java, Python, Git, Power BI, Agile, TensorFlow"
14,Product Manager,E-commerce,Kochi,8+,Diploma,Contract,2025,1989308.0,49,"Product Management, Agile, Communication, Deep Learning, Problem Solving, Figma"
15,Database Administrator,Manufacturing,Gurugram,2-5,Master's Degree,Internship,2026,577409.0,60,"SQL, Oracle, Linux, Docker, Python, Django"
16,Data Analyst,IT Services,Hyderabad,0-2,Any Degree,Full-time,2024,497890.0,63,"Excel, Python, SQL, Java, PyTorch, Git"
17,Python Developer,SaaS,Visakhapatnam,8+,Diploma,Contract,2026,1242249.0,56,"Python, Django, SQL, HTML/CSS, Java, Communication"
18,UI/UX Designer,FinTech,Bengaluru,5-8,Any Degree,Full-time,2023,730177.0,46,"Figma, UI/UX, Adobe XD, Power BI, React, JavaScript"
19,Java Developer,Consulting,Mumbai,8+,Bachelor's Degree,Full-time,2024,1242406.0,55,"Java, Spring Boot, SQL, PyTorch, Tableau, Excel"
20,Java Developer,Consulting,Noida,8+,Diploma,Contract,2026,1270732.0,55,"Java, Spring Boot, SQL, React, Azure, Python"
21,BI Developer,Consulting,Kochi,5-8,Bachelor's Degree,Internship,2024,885310.0,52,"Power BI, SQL, Excel, Tableau, Spring Boot, Agile"
22,Data Scientist,SaaS,Bengaluru,2-5,Bachelor's Degree,Internship,2026,767063.0,65,"Python, SQL, Machine Learning, PyTorch, Tableau, React"
23,Business Analyst,SaaS,Hyderabad,0-2,Diploma,Contract,2024,445814.0,58,"Excel, SQL, Power BI, Machine Learning, Communication, Spring Boot"
24,Network Engineer,Banking,Chennai,5-8,Bachelor's Degree,Full-time,2026,892167.0,57,"Networking, Linux, Cisco, Problem Solving, Excel, Python"
25,Web Developer,Banking,Kochi,0-2,Diploma,Internship,2024,523781.0,49,"JavaScript, HTML/CSS, React, Azure, Kubernetes, Java"
26,Project Manager,Manufacturing,Bengaluru,0-2,Master's Degree,Contract,2025,791679.0,51,"Project Management, Agile, Communication, Tableau, HTML/CSS, Power BI"
27,Mobile App Developer,EdTech,Chennai,5-8,Bachelor's Degree,Internship,2024,806622.0,36,"Flutter, Dart, Firebase, HTML/CSS, Statistics, Project Management"
28,DevOps Engineer,IT Services,Bengaluru,5-8,Bachelor's Degree,Full-time,2025,1228474.0,61,"Docker, Kubernetes, AWS, Deep Learning, Django, Problem Solving"
29,Python Developer,IT Services,Kochi,2-5,Diploma,Full-time,2025,673936.0,44,"Python, Django, SQL, Power BI, Docker, AWS"
30,Cloud Engineer,EdTech,Hyderabad,2-5,Any Degree,Full-time,2026,1062729.0,68,"AWS, Linux, Docker, React, Java, Statistics"
31,Network Engineer,Healthcare,Noida,0-2,Master's Degree,Contract,2025,484762.0,50,"Networking, Linux, Cisco, SQL, Statistics, Machine Learning"
32,Cybersecurity Analyst,Healthcare,Chennai,2-5,Diploma,Internship,2023,699539.0,58,"Cybersecurity, Linux, Python, C++, Power BI, Agile"
33,Business Analyst,EdTech,Kochi,5-8,Any Degree,Contract,2023,643570.0,54,"Excel, SQL, Power BI, Docker, Tableau, JavaScript"
34,Network Engineer,SaaS,Noida,2-5,Master's Degree,Contract,2023,621416.0,51,"Networking, Linux, Cisco, Figma, AWS, Python"
35,Machine Learning Engineer,SaaS,Delhi NCR,0-2,Diploma,Contract,2025,835926.0,56,"Python, TensorFlow, Machine Learning, Git, PyTorch, Communication"
36,Cybersecurity Analyst,E-commerce,Kochi,8+,Any Degree,Internship,2024,1303195.0,59,"Cybersecurity, Linux, Python, JavaScript, Spring Boot, Django"
37,Cybersecurity Analyst,Healthcare,Mumbai,5-8,Any Degree,Internship,2026,959496.0,74,"Cybersecurity, Linux, Python, Machine Learning, Figma, React"
38,Machine Learning Engineer,Manufacturing,Mumbai,2-5,Bachelor's Degree,Full-time,2025,1121838.0,47,"Python, TensorFlow, Machine Learning, HTML/CSS, Statistics, React"
39,Product Manager,FinTech,Visakhapatnam,2-5,Bachelor's Degree,Full-time,2026,1070503.0,47,"Product Management, Agile, Communication, Kubernetes, Linux, React"
40,Cloud Engineer,Manufacturing,Pune,2-5,Diploma,Contract,2026,1060241.0,77,"AWS, Linux, Docker, Power BI, Deep Learning, Tableau"
41,Project Manager,Manufacturing,Noida,8+,Any Degree,Internship,2026,1635020.0,51,"Project Management, Agile, Communication, Problem Solving, React, Django"
42,DevOps Engineer,FinTech,Gurugram,5-8,Master's Degree,Contract,2025,1280754.0,47,"Docker, Kubernetes, AWS, Django, Excel, Tableau"
43,Python Developer,FinTech,Chennai,5-8,Any Degree,Internship,2026,917783.0,56,"Python, Django, SQL, Linux, Power BI, HTML/CSS"
44,Data Analyst,Telecom,Visakhapatnam,5-8,Master's Degree,Contract,2026,549583.0,75,"Excel, Python, SQL, Linux, Machine Learning, Django"
45,DevOps Engineer,Consulting,Noida,5-8,Any Degree,Full-time,2023,1380662.0,40,"Docker, Kubernetes, AWS, Statistics, Linux, Agile"
46,AI Engineer,Telecom,Bengaluru,8+,Any Degree,Contract,2023,1940709.0,63,"Python, Deep Learning, TensorFlow, Linux, JavaScript, Excel"
47,UI/UX Designer,EdTech,Delhi NCR,8+,Bachelor's Degree,Contract,2026,775681.0,60,"Figma, UI/UX, Adobe XD, Excel, Linux, Python"
48,Machine Learning Engineer,IT Services,Bengaluru,0-2,Master's Degree,Contract,2024,806400.0,43,"Python, TensorFlow, Machine Learning, HTML/CSS, Java, Deep Learning"
49,DevOps Engineer,E-commerce,Delhi NCR,5-8,Any Degree,Internship,2023,1212429.0,47,"Docker, Kubernetes, AWS, Python, C++, Spring Boot"
50,Machine Learning Engineer,Healthcare,Visakhapatnam,5-8,Bachelor's Degree,Contract,2023,1535087.0,53,"Python, TensorFlow, Machine Learning, Selenium, Statistics, Tableau"
51,BI Developer,FinTech,Delhi NCR,8+,Any Degree,Internship,2025,1346699.0,63,"Power BI, SQL, Excel, JavaScript, Machine Learning, Azure"
52,BI Developer,Manufacturing,Pune,8+,Master's Degree,Full-time,2025,1239462.0,58,"Power BI, SQL, Excel, Agile, Spring Boot, Docker"
53,UI/UX Designer,Consulting,Chennai,0-2,Diploma,Contract,2026,308291.0,49,"Figma, UI/UX, Adobe XD, Git, Java, Linux"
54,DevOps Engineer,Banking,Visakhapatnam,2-5,Master's Degree,Internship,2023,845683.0,52,"Docker, Kubernetes, AWS, Agile, Machine Learning, TensorFlow"
55,Product Manager,IT Services,Gurugram,2-5,Diploma,Contract,2023,976320.0,53,"Product Management, Agile, Communication, React, C++, Spring Boot"
56,Project Manager,Telecom,Delhi NCR,8+,Diploma,Full-time,2025,1581274.0,49,"Project Management, Agile, Communication, HTML/CSS, React, Power BI"
57,AI Engineer,Healthcare,Pune,8+,Diploma,Full-time,2024,1982949.0,74,"Python, Deep Learning, TensorFlow, Spring Boot, Project Management, PyTorch"
58,Cybersecurity Analyst,EdTech,Chennai,0-2,Diploma,Internship,2024,592405.0,51,"Cybersecurity, Linux, Python, Java, C++, Excel"
59,Product Manager,IT Services,Hyderabad,8+,,Full-time,2025,1832140.0,63,"Product Management, Agile, Communication, Java, SQL, HTML/CSS"
60,Product Manager,SaaS,Hyderabad,2-5,Any Degree,Internship,2023,1098342.0,43,"Product Management, Agile, Communication, C++, Excel, React"
61,Mobile App Developer,Manufacturing,Chennai,8+,Bachelor's Degree,Internship,2026,989205.0,61,"Flutter, Dart, Firebase, TensorFlow, AWS, C++"
62,Software Developer,Healthcare,Chennai,0-2,Bachelor's Degree,Contract,2025,427117.0,48,"Java, Python, Git, React, Django, Power BI"
63,Mobile App Developer,Banking,Gurugram,5-8,Master's Degree,Contract,2023,867086.0,37,"Flutter, Dart, Firebase, Selenium, Project Management, Azure"
64,QA Engineer,Telecom,Chennai,2-5,Master's Degree,Contract,2023,604290.0,36,"Selenium, Python, Java, Git, JavaScript, Power BI"
65,QA Engineer,Consulting,Mumbai,5-8,Any Degree,Full-time,2023,799920.0,50,"Selenium, Python, Java, Git, TensorFlow, PyTorch"
66,Data Scientist,EdTech,Noida,0-2,Bachelor's Degree,Full-time,2025,568677.0,66,"Python, SQL, Machine Learning, Communication, Spring Boot, Excel"
67,Project Manager,Banking,Gurugram,8+,Diploma,Contract,2024,1690435.0,48,"Project Management, Agile, Communication, Linux, Excel, Docker"
68,Software Developer,EdTech,Pune,8+,Any Degree,Full-time,2026,1186465.0,49,"Java, Python, Git, Linux, Project Management, Django"
69,DevOps Engineer,FinTech,Delhi NCR,0-2,Master's Degree,Internship,2026,717298.0,44,"Docker, Kubernetes, AWS, Django, Deep Learning, Machine Learning"
70,Mobile App Developer,Consulting,Gurugram,5-8,Bachelor's Degree,Full-time,2023,819765.0,50,"Flutter, Dart, Firebase, C++, Azure, Statistics"
71,Mobile App Developer,E-commerce,Chennai,0-2,Any Degree,Full-time,2025,435675.0,46,"Flutter, Dart, Firebase, Excel, React, Agile"
72,Python Developer,Banking,Gurugram,8+,Any Degree,Full-time,2025,1294073.0,47,"Python, Django, SQL, C++, Machine Learning, PyTorch"
73,Project Manager,FinTech,Pune,5-8,Diploma,Internship,2025,1395274.0,57,"Project Management, Agile, Communication, Machine Learning, HTML/CSS, Python"
74,Product Manager,Consulting,Pune,5-8,Master's Degree,Internship,2026,1410575.0,58,"Product Management, Agile, Communication, Deep Learning, Kubernetes, Azure"
75,QA Engineer,Healthcare,Noida,5-8,Master's Degree,Contract,2026,813411.0,55,"Selenium, Python, Java, Problem Solving, Statistics, Azure"
76,Python Developer,SaaS,Kochi,8+,Any Degree,Internship,2025,1029913.0,47,"Python, Django, SQL, Machine Learning, Excel, Agile"
77,Machine Learning Engineer,Banking,Gurugram,8+,Diploma,Internship,2025,1894950.0,55,"Python, TensorFlow, Machine Learning, Docker, Communication, Django"
78,Product Manager,IT Services,Kochi,5-8,Bachelor's Degree,Contract,2023,1544227.0,38,"Product Management, Agile, Communication, Figma, Excel, AWS"
79,Cybersecurity Analyst,IT Services,Bengaluru,5-8,Any Degree,Internship,2025,927539.0,79,"Cybersecurity, Linux, Python, Azure, Java, HTML/CSS"
80,Java Developer,E-commerce,Pune,8+,Master's Degree,Contract,2023,1185913.0,44,"Java, Spring Boot, SQL, C++, Deep Learning, Django"
81,DevOps Engineer,Banking,Gurugram,5-8,Diploma,Internship,2023,1383283.0,46,"Docker, Kubernetes, AWS, Java, Excel, Deep Learning"
82,DevOps Engineer,Banking,Gurugram,8+,Diploma,Internship,2024,1631995.0,53,"Docker, Kubernetes, AWS, Linux, Spring Boot, Azure"
83,Data Analyst,Banking,Noida,0-2,Diploma,Full-time,2023,513185.0,57,"Excel, Python, SQL, Agile, Kubernetes"
84,Web Developer,Banking,Visakhapatnam,0-2,Bachelor's Degree,Internship,2024,531021.0,49,"JavaScript, HTML/CSS, React, Figma, SQL, Kubernetes"
85,Python Developer,Banking,Hyderabad,8+,Diploma,Full-time,2025,1052692.0,59,"Python, Django, SQL, JavaScript, Statistics, PyTorch"
86,Product Manager,EdTech,Mumbai,0-2,Diploma,Full-time,2023,572227.0,47,"Product Management, Agile, Communication, React, Spring Boot, Figma"
87,Data Analyst,Manufacturing,Mumbai,5-8,Diploma,Full-time,2023,661848.0,62,"Excel, Python, SQL, Communication, Docker, Spring Boot"
88,Cloud Engineer,IT Services,Gurugram,2-5,Any Degree,Full-time,2025,979295.0,67,"AWS, Linux, Docker, Figma, Deep Learning, Problem Solving"
89,Data Scientist,Banking,Bengaluru,0-2,Diploma,Internship,2026,570440.0,77,"Python, SQL, Machine Learning, Django, JavaScript, Azure"
90,AI Engineer,SaaS,Noida,0-2,Diploma,Full-time,2024,890107.0,51,"Python, Deep Learning, TensorFlow, Selenium, Azure, C++"
91,UI/UX Designer,EdTech,Chennai,5-8,Diploma,Full-time,2023,653339.0,47,"Figma, UI/UX, Adobe XD, Django, Docker, SQL"
92,UI/UX Designer,Healthcare,Hyderabad,5-8,Bachelor's Degree,Internship,2023,563070.0,46,"Figma, UI/UX, Adobe XD, Tableau, Agile, TensorFlow"
93,QA Engineer,Healthcare,Chennai,0-2,Bachelor's Degree,Internship,2025,343182.0,48,"Selenium, Python, Java, JavaScript, PyTorch, Git"
94,Python Developer,EdTech,Bengaluru,5-8,Bachelor's Degree,Internship,2024,759734.0,53,"Python, Django, SQL, Git, Power BI, JavaScript"
95,Product Manager,EdTech,Gurugram,2-5,Diploma,Contract,2023,1138624.0,51,"Product Management, Agile, Communication, SQL, Figma, Project Management"
96,Data Analyst,Consulting,Bengaluru,0-2,Master's Degree,Full-time,2026,387080.0,82,"Excel, Python, SQL, Deep Learning, Java, AWS"
97,DevOps Engineer,SaaS,Visakhapatnam,5-8,Master's Degree,Contract,2025,1316114.0,46,"Docker, Kubernetes, AWS, Selenium, Machine Learning, Power BI"
98,Cloud Engineer,EdTech,Noida,8+,Diploma,Full-time,2026,1718883.0,66,"AWS, Linux, Docker, Git, Machine Learning, Communication"
99,Product Manager,FinTech,Hyderabad,8+,Bachelor's Degree,Internship,2023,1728969.0,44,"Product Management, Agile, Communication, Figma, Docker, Project Management"
100,AI Engineer,FinTech,Delhi NCR,8+,Diploma,Contract,2026,2160427.0,77,"Python, Deep Learning, TensorFlow, Agile, Excel, Git"
101,QA Engineer,Healthcare,Kochi,8+,Bachelor's Degree,Contract,2024,867273.0,46,"Selenium, Python, Java, Tableau, AWS, PyTorch"
102,Cloud Engineer,Manufacturing,Noida,5-8,,Contract,2023,1123685.0,59,"AWS, Linux, Docker, HTML/CSS, Problem Solving, Project Management"
103,Java Developer,SaaS,Pune,2-5,Master's Degree,Contract,2026,767290.0,64,"Java, Spring Boot, SQL, Python, Power BI, Agile"
104,UI/UX Designer,E-commerce,Delhi NCR,5-8,Master's Degree,Full-time,2025,723050.0,44,"Figma, UI/UX, Adobe XD, TensorFlow, PyTorch, Excel"
105,Data Scientist,Banking,Hyderabad,8+,Bachelor's Degree,Contract,2026,1545698.0,69,"Python, SQL, Machine Learning, Deep Learning, Linux, Git"
106,Software Developer,SaaS,Mumbai,5-8,Master's Degree,Contract,2026,833625.0,43,"Java, Python, Git, Linux, Selenium, Excel"
107,Python Developer,Banking,Mumbai,0-2,Master's Degree,Internship,2025,519215.0,55,"Python, Django, SQL, Linux, React, JavaScript"
108,Database Administrator,Telecom,Hyderabad,0-2,Any Degree,Internship,2023,497926.0,53,"SQL, Oracle, Linux, Power BI, Docker, Django"
109,BI Developer,FinTech,Mumbai,5-8,Bachelor's Degree,Contract,2026,871561.0,54,"Power BI, SQL, Excel, Selenium, Deep Learning, Problem Solving"
110,Cloud Engineer,SaaS,Noida,0-2,Diploma,Full-time,2026,628730.0,65,"AWS, Linux, Docker, C++, Agile, Git"
111,Project Manager,Manufacturing,Hyderabad,5-8,Master's Degree,Contract,2024,1333213.0,43,"Project Management, Agile, Communication, Django, Tableau, React"
112,Java Developer,E-commerce,Visakhapatnam,8+,Diploma,Internship,2023,1139185.0,53,"Java, Spring Boot, SQL, Django, Project Management, Machine Learning"
113,Python Developer,FinTech,Gurugram,5-8,Bachelor's Degree,Contract,2026,993898.0,59,"Python, Django, SQL, Spring Boot, Power BI, AWS"
114,UI/UX Designer,IT Services,Bengaluru,0-2,Any Degree,Contract,2025,353399.0,67,"Figma, UI/UX, Adobe XD, Statistics, Excel, PyTorch"
115,AI Engineer,Consulting,Bengaluru,8+,Bachelor's Degree,Internship,2024,2050410.0,65,"Python, Deep Learning, TensorFlow, Excel, Linux, Tableau"
116,Java Developer,Healthcare,Bengaluru,2-5,Bachelor's Degree,Internship,2026,654169.0,58,"Java, Spring Boot, SQL, Docker, Azure, Linux"
117,Network Engineer,EdTech,Hyderabad,8+,Master's Degree,Contract,2023,1085244.0,59,"Networking, Linux, Cisco, Communication, Statistics, Selenium"
118,QA Engineer,EdTech,Pune,8+,Any Degree,Internship,2025,838685.0,65,"Selenium, Python, Java, Problem Solving, Power BI, Docker"
119,Python Developer,FinTech,Kochi,5-8,Any Degree,Full-time,2026,760469.0,53,"Python, Django, SQL, Docker, React, HTML/CSS"
120,Python Developer,FinTech,Pune,0-2,Any Degree,Full-time,2025,568578.0,67,"Python, Django, SQL, Project Management, Selenium, JavaScript"
121,Java Developer,E-commerce,Visakhapatnam,8+,Diploma,Internship,2026,1109289.0,62,"Java, Spring Boot, SQL, Agile, C++, Machine Learning"
122,Cloud Engineer,Healthcare,Kochi,2-5,Any Degree,Internship,2025,895352.0,67,"AWS, Linux, Docker, Spring Boot, Deep Learning, Project Management"
123,BI Developer,Healthcare,Pune,0-2,Bachelor's Degree,Contract,2024,572353.0,56,"Power BI, SQL, Excel, Azure, Django, JavaScript"
124,Java Developer,Consulting,Mumbai,0-2,Any Degree,Full-time,2024,653923.0,35,"Java, Spring Boot, SQL, C++, Machine Learning, AWS"
125,Project Manager,Healthcare,Delhi NCR,5-8,Diploma,Full-time,2026,1182361.0,63,"Project Management, Agile, Communication, Git, Power BI, Selenium"
126,Data Scientist,Consulting,Mumbai,8+,Master's Degree,Internship,2024,1534580.0,56,"Python, SQL, Machine Learning, Excel, Tableau, Git"
127,Mobile App Developer,Telecom,Kochi,2-5,Any Degree,Full-time,2023,535345.0,55,"Flutter, Dart, Firebase, SQL, React, AWS"
128,Product Manager,Manufacturing,Visakhapatnam,2-5,Diploma,Full-time,2023,1070563.0,54,"Product Management, Agile, Communication, C++, AWS, Python"
129,BI Developer,FinTech,Pune,0-2,Diploma,Contract,2025,497136.0,60,"Power BI, SQL, Excel, TensorFlow, Tableau, Figma"
130,Data Analyst,FinTech,Delhi NCR,0-2,Bachelor's Degree,Contract,2025,471450.0,62,"Excel, Python, SQL, Agile, Project Management, AWS"
131,Network Engineer,Consulting,Pune,2-5,Bachelor's Degree,Contract,2026,788449.0,62,"Networking, Linux, Cisco, Excel, Figma, Problem Solving"
132,Data Scientist,IT Services,Chennai,8+,Master's Degree,Contract,2025,1696736.0,59,"Python, SQL, Machine Learning, Django, TensorFlow, Git"
133,Data Scientist,Banking,Delhi NCR,8+,Master's Degree,Contract,2023,1666845.0,60,"Python, SQL, Machine Learning, Agile, Deep Learning, Azure"
134,Product Manager,Manufacturing,Delhi NCR,8+,Diploma,Contract,2025,1723678.0,60,"Product Management, Agile, Communication, PyTorch, Statistics, Java"
135,Machine Learning Engineer,Banking,Delhi NCR,8+,Any Degree,Contract,2025,1749993.0,54,"Python, TensorFlow, Machine Learning, Linux, Kubernetes, Excel"
136,Data Scientist,Telecom,Hyderabad,2-5,Bachelor's Degree,Full-time,2025,1035836.0,77,"Python, SQL, Machine Learning, JavaScript, Selenium, Communication"
137,Cloud Engineer,EdTech,Delhi NCR,0-2,Any Degree,Full-time,2026,691528.0,69,"AWS, Linux, Docker, Communication, Deep Learning, Kubernetes"
138,Python Developer,EdTech,Kochi,5-8,Any Degree,Internship,2026,829883.0,48,"Python, Django, SQL, Java, Excel, Agile"
139,AI Engineer,Banking,Hyderabad,8+,Master's Degree,Full-time,2025,1964371.0,78,"Python, Deep Learning, TensorFlow, Selenium, Git, Problem Solving"
140,Machine Learning Engineer,E-commerce,Gurugram,5-8,Diploma,Contract,2026,1480351.0,60,"Python, TensorFlow, Machine Learning, Problem Solving, Power BI, Django"
141,Java Developer,Manufacturing,Delhi NCR,2-5,Diploma,Internship,2024,782619.0,35,"Java, Spring Boot, SQL, C++, Statistics, Deep Learning"
142,Database Administrator,Manufacturing,Gurugram,0-2,Any Degree,Contract,2024,379724.0,50,"SQL, Oracle, Linux, AWS, Communication, Problem Solving"
143,Machine Learning Engineer,EdTech,Pune,8+,Master's Degree,Full-time,2023,1904032.0,57,"Python, TensorFlow, Machine Learning, Kubernetes, Java, Project Management"
144,Project Manager,FinTech,Bengaluru,2-5,Diploma,Full-time,2024,833590.0,56,"Project Management, Agile, Communication, Selenium, React, Docker"
145,Web Developer,Banking,Kochi,5-8,Master's Degree,Full-time,2024,774328.0,40,"JavaScript, HTML/CSS, React, Excel, PyTorch, Figma"
146,Mobile App Developer,EdTech,Visakhapatnam,0-2,Master's Degree,Internship,2023,283638.0,43,"Flutter, Dart, Firebase, Django, Communication, TensorFlow"
147,Mobile App Developer,Consulting,Bengaluru,5-8,Any Degree,Full-time,2025,799883.0,57,"Flutter, Dart, Firebase, Problem Solving, Spring Boot, Kubernetes"
148,Data Scientist,Consulting,Pune,8+,Diploma,Contract,2026,1461206.0,73,"Python, SQL, Machine Learning, Selenium, JavaScript, Kubernetes"
149,Database Administrator,Manufacturing,Kochi,2-5,Bachelor's Degree,Full-time,2023,649941.0,39,"SQL, Oracle, Linux, C++, Machine Learning, HTML/CSS"
150,Business Analyst,Telecom,Visakhapatnam,5-8,Any Degree,Internship,2024,870125.0,40,"Excel, SQL, Power BI, Agile, AWS, C++"
151,Product Manager,Consulting,Mumbai,8+,Bachelor's Degree,Full-time,2023,1851633.0,46,"Product Management, Agile, Communication, React, JavaScript, TensorFlow"
152,Product Manager,Consulting,Visakhapatnam,0-2,Any Degree,Contract,2025,784151.0,54,"Product Management, Agile, Communication, AWS, Tableau, HTML/CSS"
153,Business Analyst,SaaS,Bengaluru,5-8,Diploma,Internship,2024,612059.0,57,"Excel, SQL, Power BI, PyTorch, Deep Learning, Project Management"
154,Mobile App Developer,E-commerce,Hyderabad,5-8,Master's Degree,Internship,2023,893469.0,44,"Flutter, Dart, Firebase, Git, Deep Learning, Docker"
155,Business Analyst,IT Services,Kochi,2-5,Master's Degree,Internship,2023,624077.0,49,"Excel, SQL, Power BI, Statistics, TensorFlow, PyTorch"
156,Python Developer,SaaS,Delhi NCR,8+,Any Degree,Internship,2025,1297184.0,53,"Python, Django, SQL, Agile, Docker, Spring Boot"
157,Cybersecurity Analyst,IT Services,Gurugram,0-2,Bachelor's Degree,Internship,2025,673969.0,78,"Cybersecurity, Linux, Python, Django, Git, Project Management"
158,DevOps Engineer,SaaS,Visakhapatnam,0-2,Any Degree,Full-time,2024,695056.0,54,"Docker, Kubernetes, AWS, Java, PyTorch, Figma"
159,Cloud Engineer,SaaS,Bengaluru,0-2,Any Degree,Internship,2023,642311.0,61,"AWS, Linux, Docker, Machine Learning, Tableau, Problem Solving"
160,Product Manager,E-commerce,Bengaluru,5-8,Master's Degree,Contract,2024,1544436.0,50,"Product Management, Agile, Communication, Linux, Machine Learning, Kubernetes"
161,Network Engineer,EdTech,Kochi,8+,Master's Degree,Contract,2025,1057679.0,52,"Networking, Linux, Cisco, React, HTML/CSS, TensorFlow"
162,Web Developer,EdTech,Gurugram,5-8,Any Degree,Contract,2026,676336.0,55,"JavaScript, HTML/CSS, React, Spring Boot, Communication, Django"
163,Cybersecurity Analyst,Banking,Bengaluru,8+,Diploma,Internship,2023,1296791.0,61,"Cybersecurity, Linux, Python, Problem Solving, Deep Learning, React"
164,DevOps Engineer,FinTech,Pune,0-2,Bachelor's Degree,Full-time,2024,720950.0,47,"Docker, Kubernetes, AWS, PyTorch, React, Figma"
165,Network Engineer,FinTech,Gurugram,2-5,Diploma,Contract,2024,667072.0,44,"Networking, Linux, Cisco, Machine Learning, Spring Boot, JavaScript"
166,Data Scientist,SaaS,Hyderabad,0-2,Any Degree,Full-time,2024,773968.0,67,"Python, SQL, Machine Learning, React, Linux, Power BI"
167,Cybersecurity Analyst,IT Services,Bengaluru,0-2,Any Degree,Full-time,2025,658536.0,83,"Cybersecurity, Linux, Python, Docker, Git, Machine Learning"
168,UI/UX Designer,Healthcare,Mumbai,2-5,Bachelor's Degree,Internship,2023,529335.0,40,"Figma, UI/UX, Adobe XD, Django, HTML/CSS, Selenium"
169,Cybersecurity Analyst,Healthcare,Visakhapatnam,8+,Bachelor's Degree,Full-time,2024,1348096.0,62,"Cybersecurity, Linux, Python, TensorFlow, Docker, Power BI"
170,Product Manager,Healthcare,Delhi NCR,8+,Bachelor's Degree,Contract,2023,1770656.0,44,"Product Management, Agile, Communication, Problem Solving, HTML/CSS, Git"
171,Database Administrator,IT Services,Chennai,5-8,Bachelor's Degree,Internship,2023,737915.0,44,"SQL, Oracle, Linux, Figma, TensorFlow, Communication"
172,Database Administrator,Healthcare,Visakhapatnam,8+,Any Degree,Internship,2024,945955.0,48,"SQL, Oracle, Linux, Problem Solving, Spring Boot, Kubernetes"
173,Web Developer,SaaS,Chennai,8+,Bachelor's Degree,Internship,2023,958451.0,38,"JavaScript, HTML/CSS, React, Azure, Excel, Spring Boot"
174,Web Developer,Manufacturing,Visakhapatnam,5-8,Any Degree,Full-time,2024,846345.0,41,"JavaScript, HTML/CSS, React, Deep Learning, Power BI, Communication"
175,UI/UX Designer,Consulting,Bengaluru,8+,Bachelor's Degree,Contract,2024,837039.0,49,"Figma, UI/UX, Adobe XD, SQL, Deep Learning, Azure"
176,Data Analyst,SaaS,Chennai,8+,Any Degree,Full-time,2023,703358.0,52,"Excel, Python, SQL, Java, Django, Tableau"
177,BI Developer,E-commerce,Pune,8+,Master's Degree,Internship,2026,1234561.0,65,"Power BI, SQL, Excel, Linux, Java, Communication"
178,Software Developer,Manufacturing,Pune,2-5,Diploma,Contract,2026,798357.0,48,"Java, Python, Git, C++, SQL, Project Management"
179,AI Engineer,Manufacturing,Noida,2-5,Bachelor's Degree,Internship,2026,1128187.0,61,"Python, Deep Learning, TensorFlow, Java, C++, React"
180,Mobile App Developer,Healthcare,Bengaluru,0-2,Master's Degree,Internship,2024,448183.0,41,"Flutter, Dart, Firebase, Azure, PyTorch, Spring Boot"
181,Business Analyst,Healthcare,Gurugram,2-5,Diploma,Internship,2024,561168.0,53,"Excel, SQL, Power BI, Kubernetes, Git, Agile"
182,Network Engineer,Banking,Chennai,2-5,Master's Degree,Internship,2024,669068.0,53,"Networking, Linux, Cisco, HTML/CSS, SQL, TensorFlow"
183,BI Developer,Consulting,Kochi,8+,Master's Degree,Contract,2023,1335741.0,48,"Power BI, SQL, Excel, AWS, Problem Solving, Machine Learning"
184,Java Developer,Consulting,Kochi,5-8,Any Degree,Contract,2024,1012262.0,36,"Java, Spring Boot, SQL, JavaScript, Statistics, Machine Learning"
185,Project Manager,Telecom,Pune,2-5,Master's Degree,Full-time,2024,884078.0,42,"Project Management, Agile, Communication, Excel, Azure, Docker"
186,Business Analyst,SaaS,Visakhapatnam,2-5,Master's Degree,Contract,2023,651395.0,52,"Excel, SQL, Power BI, Spring Boot, Agile, Communication"
187,Network Engineer,IT Services,Mumbai,0-2,Master's Degree,Contract,2024,594063.0,54,"Networking, Linux, Cisco, Problem Solving, Machine Learning, React"
188,AI Engineer,Banking,Delhi NCR,5-8,Bachelor's Degree,Internship,2026,1502526.0,72,"Python, Deep Learning, TensorFlow, Kubernetes, PyTorch, Machine Learning"
189,Network Engineer,EdTech,Chennai,0-2,Diploma,Internship,2025,538757.0,43,"Networking, Linux, Cisco, React, Communication, Tableau"
190,QA Engineer,Banking,Noida,5-8,Diploma,Contract,2024,659005.0,52,"Selenium, Python, Java, Django, C++, Deep Learning"
191,Product Manager,E-commerce,Gurugram,2-5,Bachelor's Degree,Internship,2025,1071094.0,63,"Product Management, Agile, Communication, Linux, Java, Deep Learning"
192,Machine Learning Engineer,IT Services,Bengaluru,2-5,Any Degree,Contract,2026,940390.0,64,"Python, TensorFlow, Machine Learning, Java, SQL, React"
193,Mobile App Developer,Consulting,Visakhapatnam,0-2,Diploma,Full-time,2026,429663.0,51,"Flutter, Dart, Firebase, AWS, Python, Machine Learning"
194,BI Developer,FinTech,Pune,2-5,Diploma,Contract,2023,652290.0,51,"Power BI, SQL, Excel, Selenium, PyTorch, Docker"
195,Database Administrator,Consulting,Noida,2-5,Bachelor's Degree,Full-time,2024,599992.0,55,"SQL, Oracle, Linux, Statistics, Power BI, Selenium"
196,Business Analyst,Manufacturing,Noida,0-2,Diploma,Internship,2026,470853.0,63,"Excel, SQL, Power BI, Java, TensorFlow, Machine Learning"
197,Project Manager,Healthcare,Bengaluru,8+,Bachelor's Degree,Full-time,2024,1581328.0,57,"Project Management, Agile, Communication, Excel, Spring Boot, HTML/CSS"
198,Data Analyst,SaaS,Chennai,8+,Any Degree,Internship,2024,878662.0,57,"Excel, Python, SQL, Kubernetes, HTML/CSS, Spring Boot"
199,Network Engineer,E-commerce,Noida,5-8,Diploma,Internship,2023,771108.0,37,"Networking, Linux, Cisco, AWS, React, Project Management"
200,Mobile App Developer,EdTech,Noida,5-8,Any Degree,Contract,2023,890064.0,46,"Flutter, Dart, Firebase, Azure, React"
201,QA Engineer,FinTech,Noida,0-2,Master's Degree,Internship,2025,284611.0,63,"Selenium, Python, Java, JavaScript, Azure, Problem Solving"
202,Network Engineer,FinTech,Delhi NCR,5-8,Bachelor's Degree,Full-time,2023,888420.0,39,"Networking, Linux, Cisco, Problem Solving, HTML/CSS, Power BI"
203,UI/UX Designer,Manufacturing,Kochi,0-2,Diploma,Contract,2026,250000.0,62,"Figma, UI/UX, Adobe XD, Deep Learning, Excel, PyTorch"
204,Cybersecurity Analyst,Telecom,Noida,2-5,Master's Degree,Contract,2023,751588.0,55,"Cybersecurity, Linux, Python, JavaScript, Figma, AWS"
205,DevOps Engineer,E-commerce,Gurugram,8+,Diploma,Contract,2023,1682788.0,37,"Docker, Kubernetes, AWS, C++, TensorFlow, Statistics"
206,Product Manager,SaaS,Visakhapatnam,0-2,Any Degree,Contract,2024,570646.0,54,"Product Management, Agile, Communication, Python, Kubernetes, Git"
207,Network Engineer,SaaS,Noida,5-8,Master's Degree,Contract,2024,935963.0,45,"Networking, Linux, Cisco, Figma, JavaScript, Machine Learning"
208,Cybersecurity Analyst,SaaS,Gurugram,8+,Master's Degree,Internship,2024,,53,"Cybersecurity, Linux, Python, Project Management, AWS, Kubernetes"
209,Java Developer,IT Services,Kochi,2-5,Any Degree,Full-time,2026,676536.0,56,"Java, Spring Boot, SQL, Docker, Problem Solving, Power BI"
210,Cybersecurity Analyst,Banking,Chennai,8+,Any Degree,Internship,2024,1336723.0,65,"Cybersecurity, Linux, Python, Power BI, Machine Learning, Spring Boot"
211,BI Developer,IT Services,Kochi,0-2,Bachelor's Degree,Internship,2025,412810.0,48,"Power BI, SQL, Excel, Git, Communication, Azure"
212,Business Analyst,Telecom,Delhi NCR,0-2,Master's Degree,Contract,2023,337621.0,53,"Excel, SQL, Power BI, PyTorch, Agile, Django"
213,Business Analyst,SaaS,Gurugram,0-2,Master's Degree,Contract,2024,404831.0,38,"Excel, SQL, Power BI, Kubernetes, Machine Learning, Java"
214,Network Engineer,Healthcare,Gurugram,8+,Bachelor's Degree,Contract,2026,1029286.0,53,"Networking, Linux, Cisco, Communication, Figma, Azure"
215,Software Developer,EdTech,Bengaluru,2-5,Master's Degree,Contract,2023,858976.0,45,"Java, Python, Git, Agile, C++, PyTorch"
216,BI Developer,Healthcare,Gurugram,2-5,Master's Degree,Contract,2026,635916.0,43,"Power BI, SQL, Excel, Communication, Machine Learning, Linux"
217,BI Developer,IT Services,Noida,5-8,Master's Degree,Contract,2024,1045697.0,38,"Power BI, SQL, Excel, Statistics, Java, Spring Boot"
218,Web Developer,FinTech,Gurugram,8+,Any Degree,Internship,2025,958314.0,55,"JavaScript, HTML/CSS, React, Figma, AWS, Selenium"
219,Database Administrator,Consulting,Delhi NCR,5-8,Diploma,Full-time,2024,965604.0,39,"SQL, Oracle, Linux, Django, Power BI, Figma"
220,Cybersecurity Analyst,E-commerce,Hyderabad,2-5,Any Degree,Contract,2025,733247.0,81,"Cybersecurity, Linux, Python, Azure, Spring Boot, Java"
221,Product Manager,E-commerce,Kochi,5-8,Bachelor's Degree,Contract,2024,1287088.0,54,"Product Management, Agile, Communication, Git, Statistics, Azure"
222,Product Manager,Healthcare,Pune,8+,Any Degree,Full-time,2026,1822740.0,62,"Product Management, Agile, Communication, Linux, AWS, Selenium"
223,QA Engineer,Healthcare,Bengaluru,5-8,Any Degree,Internship,2025,657453.0,62,"Selenium, Python, Java, Docker, React, Project Management"
224,Software Developer,FinTech,Visakhapatnam,5-8,Master's Degree,Contract,2025,982613.0,57,"Java, Python, Git, Project Management, Excel, Agile"
225,Cloud Engineer,IT Services,Mumbai,5-8,Master's Degree,Internship,2026,1373659.0,65,"AWS, Linux, Docker, Excel, Deep Learning, Power BI"
226,Database Administrator,Telecom,Visakhapatnam,2-5,Diploma,Internship,2024,745454.0,36,"SQL, Oracle, Linux, Statistics, React, Project Management"
227,Mobile App Developer,E-commerce,Kochi,5-8,Master's Degree,Contract,2025,741799.0,46,"Flutter, Dart, Firebase, HTML/CSS, Project Management, Machine Learning"
228,DevOps Engineer,E-commerce,Pune,5-8,Master's Degree,Internship,2024,1428544.0,55,"Docker, Kubernetes, AWS, Project Management, Communication, Linux"
229,DevOps Engineer,Telecom,Noida,0-2,Any Degree,Contract,2026,640855.0,54,"Docker, Kubernetes, AWS, Agile, HTML/CSS, Problem Solving"
230,QA Engineer,FinTech,Bengaluru,5-8,Any Degree,Full-time,2026,845031.0,54,"Selenium, Python, Java, Statistics, PyTorch, Azure"
231,DevOps Engineer,Banking,Delhi NCR,2-5,Bachelor's Degree,Full-time,2025,989842.0,44,"Docker, Kubernetes, AWS, TensorFlow, Statistics, Git"
232,UI/UX Designer,FinTech,Bengaluru,8+,Diploma,Full-time,2024,700202.0,44,"Figma, UI/UX, Adobe XD, AWS, JavaScript, Selenium"
233,Machine Learning Engineer,Banking,Delhi NCR,2-5,Any Degree,Internship,2023,935536.0,42,"Python, TensorFlow, Machine Learning, Figma, Git, Agile"
234,Software Developer,Healthcare,Bengaluru,2-5,Bachelor's Degree,Internship,2026,758103.0,48,"Java, Python, Git, PyTorch, Communication, Deep Learning"
235,Software Developer,E-commerce,Noida,2-5,Diploma,Contract,2026,694920.0,46,"Java, Python, Git, Agile, Statistics, Tableau"
236,Python Developer,E-commerce,Noida,0-2,Master's Degree,Contract,2024,553095.0,41,"Python, Django, SQL, React, Machine Learning, AWS"
237,UI/UX Designer,FinTech,Chennai,0-2,Master's Degree,Full-time,2023,336872.0,45,"Figma, UI/UX, Adobe XD, Kubernetes, Docker, AWS"
238,Machine Learning Engineer,Manufacturing,Chennai,0-2,Master's Degree,Internship,2025,874367.0,59,"Python, TensorFlow, Machine Learning, Communication, Git, React"
239,Cybersecurity Analyst,Healthcare,Bengaluru,0-2,Bachelor's Degree,Contract,2026,452324.0,79,"Cybersecurity, Linux, Python, Selenium, Spring Boot, Power BI"
240,Python Developer,SaaS,Noida,2-5,Bachelor's Degree,Full-time,2026,773817.0,61,"Python, Django, SQL, Project Management, Tableau, Excel"
241,Web Developer,IT Services,Bengaluru,5-8,Any Degree,Full-time,2026,778571.0,61,"JavaScript, HTML/CSS, React, PyTorch, Project Management, Machine Learning"
242,AI Engineer,SaaS,Kochi,0-2,Diploma,Contract,2024,732972.0,54,"Python, Deep Learning, TensorFlow, PyTorch, React, Statistics"
243,Machine Learning Engineer,Telecom,Mumbai,2-5,Bachelor's Degree,Contract,2024,945863.0,54,"Python, TensorFlow, Machine Learning, Azure, Tableau, Linux"
244,Java Developer,IT Services,Hyderabad,0-2,Master's Degree,Contract,2024,419149.0,48,"Java, Spring Boot, SQL, AWS, TensorFlow, Statistics"
245,DevOps Engineer,IT Services,Hyderabad,5-8,Bachelor's Degree,Contract,2025,1337156.0,68,"Docker, Kubernetes, AWS, HTML/CSS, Problem Solving, Spring Boot"
246,Project Manager,IT Services,Delhi NCR,2-5,Bachelor's Degree,Full-time,2026,895306.0,61,"Project Management, Agile, Communication, HTML/CSS, Problem Solving, Power BI"
247,Project Manager,IT Services,Bengaluru,0-2,Any Degree,Full-time,2023,651529.0,41,"Project Management, Agile, Communication, Kubernetes, Tableau, Java"
248,Cloud Engineer,EdTech,Noida,5-8,Bachelor's Degree,Contract,2025,1150820.0,65,"AWS, Linux, Docker, Communication, SQL, Java"
249,UI/UX Designer,Banking,Mumbai,8+,Master's Degree,Contract,2025,702390.0,52,"Figma, UI/UX, Adobe XD, JavaScript, C++, TensorFlow"
250,QA Engineer,Healthcare,Gurugram,0-2,Bachelor's Degree,Contract,2024,539719.0,46,"Selenium, Python, Java, SQL, C++, PyTorch"
251,Business Analyst,FinTech,Mumbai,2-5,Bachelor's Degree,Full-time,2024,535944.0,43,"Excel, SQL, Power BI, Tableau, React, Problem Solving"
252,Project Manager,EdTech,Noida,0-2,Bachelor's Degree,Internship,2026,684231.0,55,"Project Management, Agile, Communication, Machine Learning, Tableau, Django"
253,Data Scientist,E-commerce,Noida,5-8,Diploma,Contract,2024,1305274.0,60,"Python, SQL, Machine Learning, Statistics, Azure, Problem Solving"
254,Cloud Engineer,Healthcare,Hyderabad,0-2,Bachelor's Degree,Internship,2024,556623.0,68,"AWS, Linux, Docker, Java, Deep Learning, Git"
255,Web Developer,Banking,Gurugram,0-2,Bachelor's Degree,Full-time,2026,287126.0,62,"JavaScript, HTML/CSS, React, Statistics, Kubernetes"
256,Python Developer,Healthcare,Hyderabad,0-2,Any Degree,Internship,2025,573155.0,60,"Python, Django, SQL, Git, React, Excel"
257,AI Engineer,FinTech,Chennai,2-5,Master's Degree,Contract,2026,1026435.0,62,"Python, Deep Learning, TensorFlow, Excel, Project Management, HTML/CSS"
258,Machine Learning Engineer,SaaS,Visakhapatnam,0-2,Bachelor's Degree,Contract,2025,919148.0,47,"Python, TensorFlow, Machine Learning, React, Figma, Linux"
259,Data Scientist,IT Services,Gurugram,8+,Any Degree,Full-time,2024,1646505.0,62,"Python, SQL, Machine Learning, Azure, TensorFlow, Excel"
260,Web Developer,Banking,Pune,2-5,Any Degree,Contract,2025,420394.0,57,"JavaScript, HTML/CSS, React, Selenium, Git, Figma"
261,Product Manager,FinTech,Bengaluru,2-5,Bachelor's Degree,Contract,2025,980770.0,55,"Product Management, Agile, Communication, Django, Project Management, Machine Learning"
262,Database Administrator,Manufacturing,Gurugram,5-8,Master's Degree,Full-time,2026,806514.0,62,"SQL, Oracle, Linux, JavaScript, Python, Docker"
263,Data Scientist,Manufacturing,Gurugram,2-5,Diploma,Internship,2025,1042193.0,65,"Python, SQL, Machine Learning, Java, C++, Communication"
264,Data Scientist,SaaS,Chennai,2-5,Bachelor's Degree,Internship,2026,802830.0,69,"Python, SQL, Machine Learning, Spring Boot, Kubernetes, Statistics"
265,Database Administrator,SaaS,Visakhapatnam,2-5,Master's Degree,Contract,2024,761009.0,44,"SQL, Oracle, Linux, Project Management, Deep Learning, PyTorch"
266,Machine Learning Engineer,Healthcare,Bengaluru,8+,Diploma,Internship,2024,1700205.0,44,"Python, TensorFlow, Machine Learning, Selenium, React, Statistics"
267,Network Engineer,IT Services,Bengaluru,2-5,Diploma,Internship,2024,777309.0,42,"Networking, Linux, Cisco, Statistics, Deep Learning, Docker"
268,Business Analyst,FinTech,Visakhapatnam,5-8,Any Degree,Internship,2025,630935.0,63,"Excel, SQL, Power BI, HTML/CSS, Agile, Machine Learning"
269,Java Developer,SaaS,Kochi,2-5,Master's Degree,Internship,2025,658515.0,47,"Java, Spring Boot, SQL, Agile, Problem Solving, Docker"
270,QA Engineer,SaaS,Noida,5-8,Bachelor's Degree,Contract,2023,866311.0,53,"Selenium, Python, Java, Spring Boot, C++, Figma"
271,Network Engineer,Healthcare,Hyderabad,2-5,Diploma,Contract,2025,735856.0,68,"Networking, Linux, Cisco, Excel, Project Management, Figma"
272,DevOps Engineer,Healthcare,Chennai,5-8,Any Degree,Internship,2023,1416106.0,47,"Docker, Kubernetes, AWS, Agile, Python, SQL"
273,Java Developer,Consulting,Noida,8+,Master's Degree,Full-time,2026,1030428.0,63,"Java, Spring Boot, SQL, Deep Learning, Statistics, Django"
274,Machine Learning Engineer,Banking,Bengaluru,5-8,Master's Degree,Internship,2023,1565498.0,52,"Python, TensorFlow, Machine Learning, Power BI, Docker, JavaScript"
275,AI Engineer,EdTech,Hyderabad,0-2,Master's Degree,Full-time,2026,769397.0,76,"Python, Deep Learning, TensorFlow, Figma, JavaScript, Selenium"
276,Network Engineer,Healthcare,Chennai,5-8,Any Degree,Internship,2026,953179.0,44,"Networking, Linux, Cisco, C++, React, Power BI"
277,Product Manager,IT Services,Pune,8+,Any Degree,Full-time,2025,1726288.0,67,"Product Management, Agile, Communication, Statistics, Spring Boot, Django"
278,Data Analyst,E-commerce,Chennai,8+,Any Degree,Internship,2025,853130.0,73,"Excel, Python, SQL, Kubernetes, Statistics, Linux"
279,Machine Learning Engineer,Telecom,Kochi,8+,Any Degree,Contract,2024,1810820.0,49,"Python, TensorFlow, Machine Learning, Linux, Excel, C++"
280,DevOps Engineer,IT Services,Visakhapatnam,0-2,Master's Degree,Internship,2024,545712.0,48,"Docker, Kubernetes, AWS, Azure, Statistics, Django"
281,Business Analyst,Telecom,Kochi,2-5,Master's Degree,Full-time,2026,552878.0,44,"Excel, SQL, Power BI, Java, Linux, Problem Solving"
282,Java Developer,Healthcare,Pune,0-2,Master's Degree,Internship,2024,497012.0,60,"Java, Spring Boot, SQL, Communication, Linux, HTML/CSS"
283,Network Engineer,FinTech,Hyderabad,8+,Bachelor's Degree,Internship,2026,1165616.0,62,"Networking, Linux, Cisco, Statistics, HTML/CSS, Deep Learning"
284,QA Engineer,Telecom,Kochi,2-5,Bachelor's Degree,Contract,2023,454459.0,38,"Selenium, Python, Java, Django, Project Management, Tableau"
285,Database Administrator,Banking,Noida,8+,Any Degree,Full-time,2026,1071606.0,51,"SQL, Oracle, Linux, Deep Learning, Excel, JavaScript"
286,Mobile App Developer,IT Services,Noida,2-5,Bachelor's Degree,Contract,2026,459787.0,54,"Flutter, Dart, Firebase, Linux, HTML/CSS, Statistics"
287,Cybersecurity Analyst,Consulting,Mumbai,2-5,Diploma,Internship,2023,670144.0,60,"Cybersecurity, Linux, Python, Problem Solving, Machine Learning, Agile"
288,Mobile App Developer,Healthcare,Hyderabad,8+,Bachelor's Degree,Internship,2026,1122283.0,59,"Flutter, Dart, Firebase, Communication, Machine Learning, Project Management"
289,Machine Learning Engineer,Manufacturing,Mumbai,0-2,Any Degree,Full-time,2026,672121.0,44,"Python, TensorFlow, Machine Learning, React, Excel, HTML/CSS"
290,Web Developer,EdTech,Mumbai,8+,Diploma,Contract,2026,990622.0,50,"JavaScript, HTML/CSS, React, Power BI, Communication, Python"
291,UI/UX Designer,Consulting,Pune,2-5,Diploma,Full-time,2025,561296.0,50,"Figma, UI/UX, Adobe XD, HTML/CSS, Communication, Project Management"
292,Data Scientist,SaaS,Pune,2-5,Bachelor's Degree,Internship,2024,953308.0,71,"Python, SQL, Machine Learning, Git, Figma, Linux"
293,Product Manager,E-commerce,Pune,5-8,Any Degree,Contract,2023,1427503.0,48,"Product Management, Agile, Communication, C++, Selenium, Django"
294,UI/UX Designer,Healthcare,Mumbai,8+,Diploma,Contract,2026,875346.0,54,"Figma, UI/UX, Adobe XD, Python, Machine Learning, Spring Boot"
295,Software Developer,FinTech,Gurugram,5-8,Diploma,Full-time,2025,1078447.0,63,"Java, Python, Git, Docker, Figma, Problem Solving"
296,Project Manager,IT Services,Chennai,5-8,Diploma,Contract,2026,1319226.0,58,"Project Management, Agile, Communication, Figma, Python, Django"
297,Business Analyst,IT Services,Noida,2-5,Diploma,Full-time,2024,615895.0,46,"Excel, SQL, Power BI, Figma, Statistics, TensorFlow"
298,AI Engineer,Banking,Pune,2-5,Diploma,Internship,2023,1212275.0,60,"Python, Deep Learning, TensorFlow, Agile, Statistics, Django"
299,Cloud Engineer,Healthcare,Delhi NCR,5-8,Any Degree,Full-time,2025,1226504.0,61,"AWS, Linux, Docker, Spring Boot, C++, Deep Learning"
300,QA Engineer,SaaS,Visakhapatnam,2-5,Any Degree,Full-time,2023,560143.0,44,"Selenium, Python, Java, Communication, Azure, TensorFlow"
301,Python Developer,EdTech,Chennai,8+,Any Degree,Contract,2026,1042967.0,45,"Python, Django, SQL, Problem Solving, React, Project Management"
302,Java Developer,IT Services,Delhi NCR,5-8,Any Degree,Full-time,2023,817814.0,40,"Java, Spring Boot, SQL, Project Management, React, Django"
303,Mobile App Developer,Telecom,Noida,8+,Bachelor's Degree,Contract,2026,1014994.0,54,"Flutter, Dart, Firebase, SQL, Deep Learning, JavaScript"
304,Web Developer,IT Services,Bengaluru,5-8,Diploma,Full-time,2024,683627.0,58,"JavaScript, HTML/CSS, React, Power BI, Linux, PyTorch"
305,Data Scientist,Banking,Mumbai,5-8,Diploma,Full-time,2026,1180099.0,73,"Python, SQL, Machine Learning, Communication, JavaScript, Kubernetes"
306,Business Analyst,Healthcare,Bengaluru,2-5,Bachelor's Degree,Contract,2024,473357.0,45,"Excel, SQL, Power BI, Python, Spring Boot, PyTorch"
307,Data Scientist,Banking,Noida,0-2,Any Degree,Contract,2023,698590.0,53,"Python, SQL, Machine Learning, Figma, Excel, Power BI"
308,Software Developer,Banking,Kochi,2-5,Any Degree,Internship,2026,641648.0,52,"Java, Python, Git, Communication, Figma, SQL"
309,Project Manager,SaaS,Mumbai,0-2,Bachelor's Degree,Contract,2024,663475.0,38,"Project Management, Agile, Communication, PyTorch, Power BI, C++"
310,Mobile App Developer,Banking,Chennai,8+,Any Degree,Contract,2024,988605.0,41,"Flutter, Dart, Firebase, SQL, Deep Learning, Linux"
311,Data Analyst,FinTech,Bengaluru,8+,Bachelor's Degree,Contract,2023,644743.0,57,"Excel, Python, SQL, Java, Project Management, PyTorch"
312,Cloud Engineer,Banking,Gurugram,0-2,Diploma,Contract,2025,539942.0,69,"AWS, Linux, Docker, Java, SQL, C++"
313,Software Developer,IT Services,Hyderabad,2-5,Diploma,Contract,2023,678598.0,42,"Java, Python, Git, Deep Learning, Selenium, Docker"
314,Software Developer,Telecom,Noida,8+,Master's Degree,Full-time,2026,1306970.0,63,"Java, Python, Git, TensorFlow, Statistics, Machine Learning"
315,Data Scientist,FinTech,Pune,8+,Any Degree,Contract,2026,1640679.0,82,"Python, SQL, Machine Learning, Communication, Deep Learning, React"
316,Data Analyst,Consulting,Pune,8+,Bachelor's Degree,Internship,2026,732206.0,73,"Excel, Python, SQL, Java, Docker, Figma"
317,Project Manager,SaaS,Visakhapatnam,5-8,Master's Degree,Contract,2024,1270729.0,48,"Project Management, Agile, Communication, Selenium, PyTorch, Power BI"
318,Business Analyst,Manufacturing,Pune,2-5,Diploma,Full-time,2023,561670.0,55,"Excel, SQL, Power BI, TensorFlow, HTML/CSS, Java"
319,DevOps Engineer,Manufacturing,Bengaluru,8+,Any Degree,Full-time,2024,1720983.0,54,"Docker, Kubernetes, AWS, React, Excel, Deep Learning"
320,UI/UX Designer,FinTech,Delhi NCR,0-2,Bachelor's Degree,Full-time,2026,250000.0,60,"Figma, UI/UX, Adobe XD, AWS, SQL, Deep Learning"
321,Mobile App Developer,Manufacturing,Mumbai,8+,Any Degree,Contract,2024,1185106.0,42,"Flutter, Dart, Firebase, Docker, Agile, SQL"
322,Mobile App Developer,Consulting,Visakhapatnam,8+,Diploma,Contract,2025,934207.0,43,"Flutter, Dart, Firebase, Communication, Spring Boot, React"
323,Cybersecurity Analyst,Manufacturing,Kochi,0-2,Bachelor's Degree,Contract,2025,393733.0,71,"Cybersecurity, Linux, Python, JavaScript, Deep Learning, Java"
324,Web Developer,FinTech,Chennai,8+,,Full-time,2026,1047366.0,46,"JavaScript, HTML/CSS, React, C++, Problem Solving, AWS"
325,QA Engineer,Consulting,Hyderabad,2-5,Any Degree,Internship,2026,699156.0,49,"Selenium, Python, Java, SQL, TensorFlow, Agile"
326,Project Manager,SaaS,Pune,2-5,Any Degree,Contract,2024,816066.0,56,"Project Management, Agile, Communication, Spring Boot, PyTorch, Git"
327,Cloud Engineer,Telecom,Mumbai,8+,Diploma,Internship,2025,1741439.0,74,"AWS, Linux, Docker, Tableau, Machine Learning, Selenium"
328,Network Engineer,Healthcare,Kochi,5-8,Master's Degree,Internship,2024,960983.0,55,"Networking, Linux, Cisco, Selenium, Tableau, Figma"
329,Network Engineer,EdTech,Hyderabad,8+,Bachelor's Degree,Internship,2026,1202273.0,61,"Networking, Linux, Cisco, Project Management, TensorFlow, C++"
330,Data Analyst,E-commerce,Noida,0-2,Diploma,Full-time,2023,,59,"Excel, Python, SQL, Project Management, Statistics, HTML/CSS"
331,Cybersecurity Analyst,Manufacturing,Chennai,8+,Any Degree,Full-time,2023,1130744.0,57,"Cybersecurity, Linux, Python, Figma, Problem Solving, PyTorch"
332,Cybersecurity Analyst,Telecom,Bengaluru,5-8,Master's Degree,Internship,2026,1109749.0,71,"Cybersecurity, Linux, Python, Excel, SQL, Problem Solving"
333,Cloud Engineer,SaaS,Delhi NCR,2-5,Master's Degree,Internship,2024,873253.0,55,"AWS, Linux, Docker, Java, Communication, Excel"
334,Software Developer,IT Services,Noida,5-8,Any Degree,Internship,2026,859019.0,53,"Java, Python, Git, Spring Boot, Docker, SQL"
335,Data Scientist,EdTech,Pune,5-8,Diploma,Internship,2023,1197165.0,57,"Python, SQL, Machine Learning, Spring Boot, Django, AWS"
336,Java Developer,FinTech,Kochi,8+,Diploma,Contract,2024,1027583.0,45,"Java, Spring Boot, SQL, C++, HTML/CSS, Communication"
337,Web Developer,Manufacturing,Visakhapatnam,0-2,Master's Degree,Full-time,2026,294416.0,63,"JavaScript, HTML/CSS, React, Azure, Deep Learning, Git"
338,Network Engineer,FinTech,Noida,5-8,Any Degree,Contract,2026,762411.0,54,"Networking, Linux, Cisco, Deep Learning, Project Management, Problem Solving"
339,Cybersecurity Analyst,EdTech,Chennai,2-5,Bachelor's Degree,Full-time,2023,871488.0,70,"Cybersecurity, Linux, Python, Agile, PyTorch, SQL"
340,Web Developer,FinTech,Noida,8+,Bachelor's Degree,Contract,2024,993968.0,39,"JavaScript, HTML/CSS, React, Excel, Agile, Communication"
341,Network Engineer,FinTech,Bengaluru,2-5,Diploma,Contract,2023,783264.0,47,"Networking, Linux, Cisco, TensorFlow, Excel, PyTorch"
342,UI/UX Designer,Telecom,Noida,8+,Bachelor's Degree,Internship,2025,901989.0,62,"Figma, UI/UX, Adobe XD, Deep Learning, Python, Django"
343,Data Scientist,EdTech,Hyderabad,5-8,Any Degree,Internship,2023,1231969.0,67,"Python, SQL, Machine Learning, Docker, Project Management, Deep Learning"
344,Product Manager,Manufacturing,Pune,8+,Diploma,Internship,2024,1939031.0,44,"Product Management, Agile, Communication, Deep Learning, C++, Django"
345,Database Administrator,Manufacturing,Bengaluru,0-2,Bachelor's Degree,Contract,2024,361508.0,57,"SQL, Oracle, Linux, Spring Boot, AWS, PyTorch"
346,Database Administrator,Telecom,Chennai,2-5,Master's Degree,Internship,2024,576236.0,38,"SQL, Oracle, Linux, Statistics, C++, React"
347,Data Scientist,Consulting,Kochi,0-2,Diploma,Contract,2023,575206.0,65,"Python, SQL, Machine Learning, HTML/CSS, Agile, Spring Boot"
348,Cloud Engineer,Banking,Hyderabad,5-8,Master's Degree,Internship,2023,1260758.0,64,"AWS, Linux, Docker, Git, Selenium, Communication"
349,Database Administrator,Telecom,Delhi NCR,5-8,Any Degree,Contract,2024,763852.0,55,"SQL, Oracle, Linux, HTML/CSS, Communication, Problem Solving"
350,Python Developer,Consulting,Delhi NCR,5-8,Bachelor's Degree,Contract,2026,987430.0,48,"Python, Django, SQL, Deep Learning, PyTorch, Java"
351,AI Engineer,Banking,Chennai,0-2,Any Degree,Internship,2023,907631.0,68,"Python, Deep Learning, TensorFlow, PyTorch, Figma, SQL"
352,Data Scientist,Banking,Kochi,2-5,Master's Degree,Contract,2026,859745.0,67,"Python, SQL, Machine Learning, C++, Project Management, Spring Boot"
353,Project Manager,Telecom,Hyderabad,0-2,Master's Degree,Contract,2025,708803.0,53,"Project Management, Agile, Communication, Statistics, PyTorch, Spring Boot"
354,Java Developer,SaaS,Visakhapatnam,8+,Master's Degree,Full-time,2024,1281752.0,50,"Java, Spring Boot, SQL, Excel, C++, Project Management"
355,Database Administrator,IT Services,Chennai,5-8,Bachelor's Degree,Internship,2024,806427.0,45,"SQL, Oracle, Linux, Machine Learning, Excel, Selenium"
356,DevOps Engineer,SaaS,Mumbai,8+,Any Degree,Full-time,2024,1709589.0,43,"Docker, Kubernetes, AWS, Figma, Excel, PyTorch"
357,Business Analyst,EdTech,Delhi NCR,0-2,Bachelor's Degree,Internship,2026,410551.0,50,"Excel, SQL, Power BI, React, Deep Learning, HTML/CSS"
358,DevOps Engineer,E-commerce,Chennai,5-8,Diploma,Internship,2024,1360606.0,48,"Docker, Kubernetes, AWS, Power BI, Communication, React"
359,Product Manager,Consulting,Gurugram,2-5,Master's Degree,Internship,2024,1049177.0,36,"Product Management, Agile, Communication, AWS, Python, React"
360,Java Developer,Manufacturing,Pune,2-5,Bachelor's Degree,Internship,2023,561773.0,52,"Java, Spring Boot, SQL, Git, React, TensorFlow"
361,Cybersecurity Analyst,Healthcare,Hyderabad,8+,Master's Degree,Internship,2026,1360190.0,76,"Cybersecurity, Linux, Python, JavaScript, HTML/CSS, Statistics"
362,Mobile App Developer,Banking,Kochi,5-8,Any Degree,Contract,2024,931705.0,42,"Flutter, Dart, Firebase, PyTorch, TensorFlow, Excel"
363,Software Developer,Healthcare,Bengaluru,0-2,Bachelor's Degree,Full-time,2026,433226.0,65,"Java, Python, Git, Selenium, Excel, Statistics"
364,Python Developer,Manufacturing,Visakhapatnam,8+,Any Degree,Full-time,2023,1156613.0,51,"Python, Django, SQL, AWS, Power BI, Problem Solving"
365,Business Analyst,SaaS,Delhi NCR,2-5,Any Degree,Contract,2023,486355.0,44,"Excel, SQL, Power BI, Project Management, Git, Java"
366,Data Analyst,SaaS,Bengaluru,0-2,Any Degree,Contract,2023,352508.0,65,"Excel, Python, SQL, C++, Problem Solving, Statistics"
367,Python Developer,SaaS,Noida,8+,Master's Degree,Contract,2025,1169401.0,55,"Python, Django, SQL, Selenium, Git, Communication"
368,AI Engineer,E-commerce,Gurugram,8+,Master's Degree,Internship,2025,1976133.0,70,"Python, Deep Learning, TensorFlow, Git, Spring Boot, Kubernetes"
369,Cloud Engineer,E-commerce,Gurugram,8+,Master's Degree,Contract,2023,1735824.0,51,"AWS, Linux, Docker, Statistics, Django, Selenium"
370,Data Analyst,E-commerce,Hyderabad,8+,Bachelor's Degree,Internship,2026,626442.0,65,"Excel, Python, SQL, Docker, Git, Azure"
371,Business Analyst,Manufacturing,Visakhapatnam,0-2,Bachelor's Degree,Full-time,2025,543714.0,57,"Excel, SQL, Power BI, HTML/CSS, Figma, TensorFlow"
372,Project Manager,Healthcare,Mumbai,2-5,Bachelor's Degree,Full-time,2023,969556.0,42,"Project Management, Agile, Communication, Spring Boot, SQL, Docker"
373,DevOps Engineer,EdTech,Noida,2-5,Diploma,Internship,2026,975322.0,45,"Docker, Kubernetes, AWS, Agile, Problem Solving, Excel"
374,QA Engineer,EdTech,Delhi NCR,2-5,Master's Degree,Contract,2025,546427.0,51,"Selenium, Python, Java, Azure, Django, SQL"
375,Software Developer,FinTech,Kochi,0-2,Diploma,Internship,2025,620882.0,61,"Java, Python, Git, Docker, Django, Statistics"
376,Business Analyst,Consulting,Visakhapatnam,8+,Diploma,Full-time,2024,1004478.0,38,"Excel, SQL, Power BI, Spring Boot, Python, TensorFlow"
377,Cloud Engineer,EdTech,Chennai,0-2,Any Degree,Internship,2026,720245.0,60,"AWS, Linux, Docker, HTML/CSS, React, C++"
378,Network Engineer,Manufacturing,Hyderabad,5-8,Any Degree,Internship,2024,861061.0,46,"Networking, Linux, Cisco, PyTorch, HTML/CSS, Java"
379,Cloud Engineer,Banking,Chennai,2-5,Bachelor's Degree,Full-time,2024,1035482.0,53,"AWS, Linux, Docker, Selenium, Kubernetes, Tableau"
380,Product Manager,IT Services,Visakhapatnam,5-8,Master's Degree,Internship,2023,1431200.0,50,"Product Management, Agile, Communication, Linux, TensorFlow, HTML/CSS"
381,Business Analyst,SaaS,Chennai,8+,Any Degree,Internship,2024,943496.0,46,"Excel, SQL, Power BI, Django, Tableau, PyTorch"
382,UI/UX Designer,Manufacturing,Hyderabad,0-2,Diploma,Contract,2026,250000.0,51,"Figma, UI/UX, Adobe XD, JavaScript, Kubernetes, TensorFlow"
383,DevOps Engineer,Manufacturing,Pune,5-8,Any Degree,Contract,2025,1321403.0,53,"Docker, Kubernetes, AWS, Selenium, Git, Azure"
384,BI Developer,EdTech,Delhi NCR,8+,Bachelor's Degree,Internship,2026,1153966.0,50,"Power BI, SQL, Excel, React, Spring Boot, Communication"
385,Cloud Engineer,Telecom,Kochi,2-5,Master's Degree,Contract,2026,1025011.0,58,"AWS, Linux, Docker, Agile, Tableau, TensorFlow"
386,Python Developer,Manufacturing,Kochi,5-8,Master's Degree,Full-time,2025,830292.0,46,"Python, Django, SQL, Spring Boot, Power BI, Azure"
387,DevOps Engineer,FinTech,Gurugram,5-8,Diploma,Full-time,2026,1257930.0,51,"Docker, Kubernetes, AWS, Azure, Django, Statistics"
388,Software Developer,SaaS,Delhi NCR,2-5,Any Degree,Internship,2024,873811.0,51,"Java, Python, Git, Kubernetes, Azure, AWS"
389,Machine Learning Engineer,SaaS,Noida,2-5,Any Degree,Full-time,2025,1180477.0,56,"Python, TensorFlow, Machine Learning, Figma, Statistics, Docker"
390,Java Developer,Healthcare,Delhi NCR,5-8,Any Degree,Contract,2025,968130.0,51,"Java, Spring Boot, SQL, Selenium, Figma, Azure"
391,QA Engineer,Consulting,Kochi,2-5,Bachelor's Degree,Full-time,2026,666263.0,51,"Selenium, Python, Java, JavaScript, Agile, C++"
392,Business Analyst,FinTech,Hyderabad,0-2,Bachelor's Degree,Contract,2023,267909.0,42,"Excel, SQL, Power BI, Linux, PyTorch, Project Management"
393,Python Developer,Telecom,Hyderabad,2-5,Master's Degree,Full-time,2025,766277.0,52,"Python, Django, SQL, Machine Learning, Figma, JavaScript"
394,Database Administrator,Consulting,Delhi NCR,5-8,Any Degree,Internship,2026,854563.0,48,"SQL, Oracle, Linux, Java, Communication, PyTorch"
395,QA Engineer,Manufacturing,Noida,8+,Diploma,Contract,2025,961900.0,52,"Selenium, Python, Java, Statistics, Power BI, Machine Learning"
396,Python Developer,IT Services,Mumbai,2-5,Any Degree,Contract,2023,648165.0,50,"Python, Django, SQL, Deep Learning, PyTorch, Excel"
397,BI Developer,SaaS,Mumbai,5-8,Master's Degree,Internship,2024,876571.0,42,"Power BI, SQL, Excel, Django, Machine Learning, Linux"
398,Business Analyst,Healthcare,Noida,8+,Diploma,Contract,2025,987596.0,62,"Excel, SQL, Power BI, PyTorch, Project Management, Statistics"
399,AI Engineer,Telecom,Mumbai,2-5,Any Degree,Contract,2024,1030987.0,69,"Python, Deep Learning, TensorFlow, Tableau, Figma, Linux"
400,Mobile App Developer,Healthcare,Gurugram,2-5,Diploma,Contract,2025,459889.0,46,"Flutter, Dart, Firebase, Deep Learning, Python, Java"
401,UI/UX Designer,Healthcare,Bengaluru,0-2,Diploma,Contract,2023,308073.0,55,"Figma, UI/UX, Adobe XD, Git, AWS, C++"
402,Data Scientist,FinTech,Delhi NCR,5-8,Master's Degree,Contract,2024,1282695.0,55,"Python, SQL, Machine Learning, Tableau, Django, TensorFlow"
403,Data Analyst,Healthcare,Hyderabad,2-5,Master's Degree,Contract,2026,561285.0,66,"Excel, Python, SQL, Tableau, C++, Deep Learning"
404,Cybersecurity Analyst,E-commerce,Delhi NCR,0-2,Bachelor's Degree,Internship,2023,455993.0,61,"Cybersecurity, Linux, Python, Selenium, Git, React"
405,Software Developer,Telecom,Chennai,2-5,Bachelor's Degree,Full-time,2025,818317.0,50,"Java, Python, Git, Spring Boot, Tableau, Linux"
406,Product Manager,E-commerce,Visakhapatnam,2-5,Bachelor's Degree,Full-time,2025,902309.0,53,"Product Management, Agile, Communication, Excel, Spring Boot, PyTorch"
407,Python Developer,FinTech,Kochi,2-5,Any Degree,Internship,2024,640021.0,46,"Python, Django, SQL, PyTorch, Statistics, Figma"
408,Data Analyst,EdTech,Noida,0-2,Any Degree,Full-time,2024,385590.0,67,"Excel, Python, SQL, Deep Learning, Django, Kubernetes"
409,Java Developer,EdTech,Kochi,8+,Master's Degree,Contract,2025,1082597.0,45,"Java, Spring Boot, SQL, Selenium, PyTorch, React"
410,DevOps Engineer,EdTech,Kochi,8+,Master's Degree,Contract,2026,1820097.0,62,"Docker, Kubernetes, AWS, Python, Selenium, Azure"
411,Machine Learning Engineer,Telecom,Kochi,8+,Any Degree,Internship,2024,1929720.0,45,"Python, TensorFlow, Machine Learning, Java, Git"
412,Software Developer,Manufacturing,Hyderabad,2-5,Master's Degree,Full-time,2023,633591.0,55,"Java, Python, Git, Excel, HTML/CSS, Tableau"
413,QA Engineer,Consulting,Noida,5-8,Any Degree,Full-time,2025,656216.0,49,"Selenium, Python, Java, Problem Solving, Power BI, SQL"
414,Data Scientist,Manufacturing,Delhi NCR,0-2,Diploma,Full-time,2026,747092.0,60,"Python, SQL, Machine Learning, Git, PyTorch, Power BI"
415,Project Manager,FinTech,Hyderabad,8+,Master's Degree,Internship,2024,1556838.0,58,"Project Management, Agile, Communication, Machine Learning, Spring Boot, React"
416,AI Engineer,FinTech,Noida,8+,Any Degree,Internship,2025,2110765.0,63,"Python, Deep Learning, TensorFlow, Azure, Tableau, JavaScript"
417,Java Developer,SaaS,Kochi,5-8,Any Degree,Internship,2026,920024.0,63,"Java, Spring Boot, SQL, Kubernetes, AWS, Linux"
418,Mobile App Developer,SaaS,Chennai,5-8,Diploma,Internship,2024,763002.0,36,"Flutter, Dart, Firebase, Azure, Kubernetes, Python"
419,Project Manager,Banking,Pune,2-5,Master's Degree,Full-time,2023,849446.0,48,"Project Management, Agile, Communication, Git, Python, Problem Solving"
420,UI/UX Designer,E-commerce,Delhi NCR,5-8,Bachelor's Degree,Internship,2024,756887.0,44,"Figma, UI/UX, Adobe XD, React, HTML/CSS, Agile"
421,QA Engineer,FinTech,Chennai,2-5,Diploma,Full-time,2025,556482.0,62,"Selenium, Python, Java, Problem Solving, Django, Tableau"
422,QA Engineer,FinTech,Noida,5-8,Bachelor's Degree,Internship,2023,853937.0,42,"Selenium, Python, Java, Linux, Tableau, Project Management"
423,Business Analyst,Banking,Bengaluru,2-5,Any Degree,Contract,2023,508049.0,41,"Excel, SQL, Power BI, Problem Solving, Git, React"
424,QA Engineer,FinTech,Kochi,5-8,Bachelor's Degree,Internship,2024,825910.0,50,"Selenium, Python, Java, JavaScript, Kubernetes, Power BI"
425,DevOps Engineer,Telecom,Hyderabad,2-5,Any Degree,Internship,2026,1048609.0,63,"Docker, Kubernetes, AWS, TensorFlow, Django, JavaScript"
426,Web Developer,SaaS,Kochi,0-2,Bachelor's Degree,Full-time,2024,339877.0,53,"JavaScript, HTML/CSS, React, Machine Learning, AWS, Communication"
427,BI Developer,EdTech,Noida,5-8,Master's Degree,Contract,2025,923357.0,52,"Power BI, SQL, Excel, Figma, Python, Project Management"
428,UI/UX Designer,E-commerce,Visakhapatnam,2-5,Bachelor's Degree,Internship,2026,369905.0,45,"Figma, UI/UX, Adobe XD, Docker, Tableau, Problem Solving"
429,Cloud Engineer,E-commerce,Visakhapatnam,5-8,Bachelor's Degree,Contract,2025,1323138.0,73,"AWS, Linux, Docker, Power BI, C++, Deep Learning"
430,AI Engineer,Healthcare,Chennai,8+,Any Degree,Internship,2025,2086912.0,58,"Python, Deep Learning, TensorFlow, Java, Problem Solving, Communication"
431,Project Manager,Banking,Bengaluru,5-8,Any Degree,Internship,2024,1175208.0,41,"Project Management, Agile, Communication, Selenium, PyTorch, HTML/CSS"
432,Machine Learning Engineer,Banking,Noida,0-2,Bachelor's Degree,Contract,2025,707748.0,55,"Python, TensorFlow, Machine Learning, Figma, AWS, HTML/CSS"
433,Mobile App Developer,FinTech,Kochi,8+,Diploma,Contract,2024,1068206.0,42,"Flutter, Dart, Firebase, Selenium, Python, SQL"
434,Business Analyst,IT Services,Pune,5-8,Bachelor's Degree,Internship,2025,696613.0,56,"Excel, SQL, Power BI, Kubernetes, Git, PyTorch"
435,Business Analyst,Manufacturing,Bengaluru,2-5,Any Degree,Internship,2025,512535.0,50,"Excel, SQL, Power BI, Linux, Communication, React"
436,Mobile App Developer,Telecom,Chennai,2-5,Master's Degree,Full-time,2024,572939.0,49,"Flutter, Dart, Firebase, C++, PyTorch, Git"
437,Python Developer,Manufacturing,Visakhapatnam,5-8,Master's Degree,Contract,2024,961559.0,39,"Python, Django, SQL, TensorFlow, JavaScript, Linux"
438,AI Engineer,FinTech,Kochi,2-5,Diploma,Contract,2024,1208123.0,63,"Python, Deep Learning, TensorFlow, Project Management, Docker, Azure"
439,DevOps Engineer,Healthcare,Pune,2-5,Master's Degree,Internship,2023,827859.0,59,"Docker, Kubernetes, AWS, Selenium, HTML/CSS, Spring Boot"
440,Cloud Engineer,EdTech,Bengaluru,8+,,Full-time,2023,1540225.0,75,"AWS, Linux, Docker, Selenium, TensorFlow, Problem Solving"
441,Product Manager,E-commerce,Gurugram,2-5,Master's Degree,Internship,2024,864668.0,48,"Product Management, Agile, Communication, Problem Solving, Python, HTML/CSS"
442,Web Developer,FinTech,Chennai,8+,Bachelor's Degree,Internship,2024,1006358.0,47,"JavaScript, HTML/CSS, React, Deep Learning, Git, Machine Learning"
443,Business Analyst,Telecom,Delhi NCR,0-2,Any Degree,Internship,2023,395482.0,52,"Excel, SQL, Power BI, Tableau, Git, PyTorch"
444,AI Engineer,Manufacturing,Noida,5-8,Any Degree,Contract,2023,1541866.0,55,"Python, Deep Learning, TensorFlow, Git, Project Management, Linux"
445,Data Scientist,E-commerce,Kochi,8+,Master's Degree,Contract,2026,1427132.0,76,"Python, SQL, Machine Learning, PyTorch, Java, React"
446,Network Engineer,IT Services,Gurugram,2-5,Master's Degree,Internship,2024,809764.0,55,"Networking, Linux, Cisco, Excel, HTML/CSS, Git"
447,Software Developer,FinTech,Hyderabad,5-8,Master's Degree,Contract,2026,845591.0,64,"Java, Python, Git, Problem Solving, Linux, Agile"
448,Business Analyst,E-commerce,Bengaluru,2-5,Any Degree,Contract,2025,458637.0,49,"Excel, SQL, Power BI, React, HTML/CSS, Project Management"
449,UI/UX Designer,E-commerce,Mumbai,2-5,Any Degree,Contract,2023,311059.0,49,"Figma, UI/UX, Adobe XD, Problem Solving, HTML/CSS, Python"
450,Data Analyst,Consulting,Visakhapatnam,8+,Bachelor's Degree,Full-time,2024,736121.0,69,"Excel, Python, SQL, Deep Learning, Java, Selenium"
451,DevOps Engineer,Manufacturing,Visakhapatnam,2-5,Bachelor's Degree,Internship,2024,864476.0,39,"Docker, Kubernetes, AWS, Figma, Azure, SQL"
452,Mobile App Developer,EdTech,Mumbai,0-2,Master's Degree,Contract,2023,395087.0,54,"Flutter, Dart, Firebase, Java, Spring Boot, C++"
453,QA Engineer,IT Services,Delhi NCR,5-8,Bachelor's Degree,Contract,2023,700570.0,48,"Selenium, Python, Java, Azure, Power BI, Project Management"
454,Python Developer,Banking,Hyderabad,8+,Bachelor's Degree,Internship,2025,1157393.0,49,"Python, Django, SQL, Problem Solving, HTML/CSS, Selenium"
455,Project Manager,Consulting,Hyderabad,5-8,Any Degree,Internship,2025,1192898.0,52,"Project Management, Agile, Communication, TensorFlow, PyTorch, Docker"
456,Product Manager,E-commerce,Gurugram,5-8,Bachelor's Degree,Internship,2024,1538777.0,55,"Product Management, Agile, Communication, Python, Power BI, Azure"
457,Mobile App Developer,Telecom,Noida,5-8,Master's Degree,Internship,2023,823124.0,55,"Flutter, Dart, Firebase, Django, JavaScript, Python"
458,DevOps Engineer,Banking,Hyderabad,5-8,Any Degree,Internship,2025,1410109.0,58,"Docker, Kubernetes, AWS, Power BI, Communication, Git"
459,Mobile App Developer,E-commerce,Bengaluru,5-8,Master's Degree,Contract,2024,931683.0,60,"Flutter, Dart, Firebase, Linux, Problem Solving, SQL"
460,UI/UX Designer,EdTech,Kochi,0-2,Bachelor's Degree,Full-time,2026,410531.0,53,"Figma, UI/UX, Adobe XD, C++, TensorFlow, Communication"
461,Network Engineer,FinTech,Delhi NCR,0-2,Any Degree,Full-time,2024,471745.0,40,"Networking, Linux, Cisco, Kubernetes, Spring Boot, TensorFlow"
462,Software Developer,EdTech,Mumbai,8+,Master's Degree,Internship,2023,1126039.0,44,"Java, Python, Git, C++, Azure, Deep Learning"
463,Java Developer,EdTech,Hyderabad,0-2,Master's Degree,Full-time,2023,503132.0,56,"Java, Spring Boot, SQL, Python, Statistics, Deep Learning"
464,Product Manager,Banking,Kochi,0-2,Bachelor's Degree,Contract,2025,776641.0,49,"Product Management, Agile, Communication, Machine Learning, Spring Boot, Tableau"
465,Project Manager,IT Services,Hyderabad,0-2,Bachelor's Degree,Internship,2025,609986.0,57,"Project Management, Agile, Communication, SQL, Power BI, Machine Learning"
466,Web Developer,Healthcare,Delhi NCR,5-8,Diploma,Full-time,2024,749682.0,38,"JavaScript, HTML/CSS, React, Project Management, Deep Learning, Communication"
467,DevOps Engineer,IT Services,Hyderabad,5-8,Master's Degree,Full-time,2023,1344809.0,49,"Docker, Kubernetes, AWS, HTML/CSS, Tableau, Problem Solving"
468,Cybersecurity Analyst,EdTech,Visakhapatnam,2-5,Bachelor's Degree,Full-time,2026,588697.0,70,"Cybersecurity, Linux, Python, Figma, Excel, Tableau"
469,Business Analyst,SaaS,Pune,5-8,Bachelor's Degree,Contract,2026,683732.0,65,"Excel, SQL, Power BI, C++, Problem Solving, Project Management"
470,Python Developer,Consulting,Hyderabad,5-8,Master's Degree,Full-time,2023,960343.0,55,"Python, Django, SQL, Problem Solving, Project Management, Machine Learning"
471,Mobile App Developer,EdTech,Mumbai,5-8,Bachelor's Degree,Full-time,2026,891633.0,58,"Flutter, Dart, Firebase, Statistics, Git, Azure"
472,Software Developer,Consulting,Delhi NCR,5-8,Bachelor's Degree,Contract,2026,1050382.0,59,"Java, Python, Git, Selenium, Spring Boot, JavaScript"
473,Software Developer,Manufacturing,Delhi NCR,8+,Master's Degree,Contract,2023,1220244.0,42,"Java, Python, Git, Machine Learning, C++, Selenium"
474,Machine Learning Engineer,Healthcare,Delhi NCR,5-8,Any Degree,Full-time,2026,1443358.0,45,"Python, TensorFlow, Machine Learning, HTML/CSS, JavaScript, Communication"
475,Mobile App Developer,EdTech,Gurugram,2-5,Any Degree,Contract,2023,537410.0,38,"Flutter, Dart, Firebase, Kubernetes, Excel, PyTorch"
476,Data Scientist,Healthcare,Hyderabad,0-2,Diploma,Contract,2024,727123.0,72,"Python, SQL, Machine Learning, Communication, JavaScript, Deep Learning"
477,QA Engineer,Healthcare,Gurugram,5-8,Diploma,Full-time,2024,679920.0,48,"Selenium, Python, Java, Statistics, Communication, Docker"
478,Data Analyst,Manufacturing,Visakhapatnam,5-8,Diploma,Full-time,2026,478723.0,75,"Excel, Python, SQL, Django, Tableau, Power BI"
479,Data Analyst,Telecom,Chennai,5-8,Master's Degree,Contract,2026,673532.0,64,"Excel, Python, SQL, Linux, Machine Learning, Django"
480,Web Developer,Telecom,Kochi,2-5,Bachelor's Degree,Full-time,2025,496541.0,45,"JavaScript, HTML/CSS, React, Communication, Tableau, Python"
481,Product Manager,E-commerce,Noida,8+,Master's Degree,Contract,2023,1958045.0,48,"Product Management, Agile, Communication, Project Management, Selenium, PyTorch"
482,BI Developer,Consulting,Kochi,2-5,Master's Degree,Internship,2026,635737.0,58,"Power BI, SQL, Excel, Selenium, Python, Spring Boot"
483,DevOps Engineer,Manufacturing,Noida,0-2,Any Degree,Internship,2025,690444.0,61,"Docker, Kubernetes, AWS, Problem Solving, Azure, Power BI"
484,Python Developer,Banking,Kochi,0-2,Bachelor's Degree,Internship,2026,527007.0,58,"Python, Django, SQL, Selenium, Tableau, C++"
485,AI Engineer,Banking,Visakhapatnam,0-2,Any Degree,Contract,2023,780660.0,60,"Python, Deep Learning, TensorFlow, PyTorch, Machine Learning, Spring Boot"
486,Cybersecurity Analyst,IT Services,Pune,5-8,Bachelor's Degree,Internship,2025,838425.0,81,"Cybersecurity, Linux, Python, Deep Learning, Django, JavaScript"
487,Mobile App Developer,Banking,Bengaluru,2-5,Master's Degree,Internship,2026,596678.0,56,"Flutter, Dart, Firebase, Project Management, Problem Solving, HTML/CSS"
488,DevOps Engineer,IT Services,Mumbai,2-5,Diploma,Full-time,2023,1093039.0,49,"Docker, Kubernetes, AWS, Agile, Tableau, Communication"
489,Cloud Engineer,E-commerce,Gurugram,0-2,Any Degree,Full-time,2023,800203.0,63,"AWS, Linux, Docker, Selenium, Tableau, TensorFlow"
490,UI/UX Designer,Healthcare,Pune,5-8,Any Degree,Contract,2025,716645.0,62,"Figma, UI/UX, Adobe XD, Power BI, SQL, Java"
491,Product Manager,Healthcare,Kochi,8+,Diploma,Contract,2026,1842376.0,43,"Product Management, Agile, Communication, Tableau, Machine Learning, AWS"
492,Network Engineer,IT Services,Kochi,5-8,Diploma,Contract,2023,1041855.0,43,"Networking, Linux, Cisco, AWS, Django, Spring Boot"
493,Software Developer,SaaS,Mumbai,2-5,Diploma,Internship,2026,800294.0,59,"Java, Python, Git, Spring Boot, Project Management, HTML/CSS"
494,Java Developer,Manufacturing,Delhi NCR,0-2,Bachelor's Degree,Internship,2023,619506.0,51,"Java, Spring Boot, SQL, Python, Linux, Tableau"
495,Database Administrator,Banking,Chennai,0-2,Bachelor's Degree,Internship,2025,367110.0,49,"SQL, Oracle, Linux, Power BI, Excel, Spring Boot"
496,Machine Learning Engineer,E-commerce,Visakhapatnam,2-5,Any Degree,Internship,2026,1188800.0,52,"Python, TensorFlow, Machine Learning, Problem Solving, JavaScript, C++"
497,UI/UX Designer,Telecom,Mumbai,2-5,Any Degree,Contract,2025,544219.0,55,"Figma, UI/UX, Adobe XD, HTML/CSS, Problem Solving, SQL"
498,DevOps Engineer,E-commerce,Mumbai,8+,Any Degree,Full-time,2026,1893826.0,48,"Docker, Kubernetes, AWS, JavaScript, Selenium, Linux"
499,AI Engineer,Healthcare,Noida,5-8,Any Degree,Full-time,2023,1440986.0,58,"Python, Deep Learning, TensorFlow, Power BI, Spring Boot, Agile"
500,Python Developer,IT Services,Bengaluru,2-5,Any Degree,Contract,2026,755016.0,64,"Python, Django, SQL, Azure, Spring Boot, Excel"
501,Business Analyst,Manufacturing,Hyderabad,8+,Diploma,Contract,2024,1086246.0,58,"Excel, SQL, Power BI, Project Management, TensorFlow, JavaScript"
502,Cybersecurity Analyst,IT Services,Noida,5-8,Master's Degree,Full-time,2023,844137.0,70,"Cybersecurity, Linux, Python, Machine Learning, Agile, Git"
503,Data Scientist,Healthcare,Noida,8+,Bachelor's Degree,Internship,2025,1668938.0,73,"Python, SQL, Machine Learning, Figma, Problem Solving, AWS"
504,Web Developer,IT Services,Pune,2-5,Diploma,Contract,2024,556769.0,60,"JavaScript, HTML/CSS, React, Excel, Statistics, Django"
505,UI/UX Designer,IT Services,Bengaluru,5-8,Any Degree,Internship,2025,726333.0,54,"Figma, UI/UX, Adobe XD, SQL, Kubernetes, Power BI"
506,Python Developer,Healthcare,Visakhapatnam,2-5,Master's Degree,Internship,2023,691668.0,36,"Python, Django, SQL, Excel, Deep Learning, Selenium"
507,Python Developer,E-commerce,Bengaluru,0-2,Bachelor's Degree,Contract,2023,506855.0,43,"Python, Django, SQL, React, Spring Boot, Tableau"
508,Mobile App Developer,FinTech,Chennai,5-8,Bachelor's Degree,Internship,2024,898456.0,45,"Flutter, Dart, Firebase, Figma, Spring Boot, Kubernetes"
509,AI Engineer,EdTech,Pune,2-5,Master's Degree,Internship,2024,1090651.0,68,"Python, Deep Learning, TensorFlow, Tableau, C++, Java"
510,AI Engineer,Consulting,Pune,0-2,Master's Degree,Full-time,2024,680011.0,67,"Python, Deep Learning, TensorFlow, Statistics, Figma, Selenium"
511,Machine Learning Engineer,IT Services,Bengaluru,5-8,Master's Degree,Full-time,2024,1404866.0,44,"Python, TensorFlow, Machine Learning, Statistics, Project Management, Deep Learning"
512,DevOps Engineer,Consulting,Kochi,2-5,Bachelor's Degree,Internship,2026,1003161.0,58,"Docker, Kubernetes, AWS, SQL, Selenium, Java"
513,Database Administrator,IT Services,Noida,0-2,Master's Degree,Contract,2024,655981.0,52,"SQL, Oracle, Linux, Tableau, Spring Boot, Kubernetes"
514,Web Developer,IT Services,Mumbai,2-5,Bachelor's Degree,Internship,2024,615573.0,36,"JavaScript, HTML/CSS, React, TensorFlow, Java, Communication"
515,Cybersecurity Analyst,Telecom,Chennai,8+,Master's Degree,Full-time,2025,1112995.0,63,"Cybersecurity, Linux, Python, Problem Solving, Excel, PyTorch"
516,Project Manager,FinTech,Hyderabad,8+,Master's Degree,Full-time,2024,1677811.0,50,"Project Management, Agile, Communication, Git, AWS, JavaScript"
517,Cloud Engineer,Healthcare,Hyderabad,8+,Bachelor's Degree,Contract,2026,1767409.0,78,"AWS, Linux, Docker, Excel, TensorFlow, Spring Boot"
518,Web Developer,Consulting,Visakhapatnam,5-8,Diploma,Full-time,2024,630921.0,46,"JavaScript, HTML/CSS, React, Agile, C++, Figma"
519,Python Developer,SaaS,Bengaluru,2-5,Master's Degree,Contract,2023,578332.0,50,"Python, Django, SQL, Machine Learning, Linux, React"
520,Java Developer,E-commerce,Visakhapatnam,8+,Any Degree,Contract,2024,1257092.0,50,"Java, Spring Boot, SQL, Deep Learning, HTML/CSS, Django"
521,BI Developer,Healthcare,Chennai,2-5,Bachelor's Degree,Full-time,2025,847546.0,56,"Power BI, SQL, Excel, Spring Boot, React, Python"
522,Project Manager,Telecom,Bengaluru,0-2,Any Degree,Full-time,2026,645732.0,48,"Project Management, Agile, Communication, React, Excel, Deep Learning"
523,Database Administrator,Healthcare,Mumbai,8+,Bachelor's Degree,Contract,2023,1100710.0,53,"SQL, Oracle, Linux, JavaScript, Communication, Machine Learning"
524,Python Developer,E-commerce,Noida,8+,Diploma,Internship,2025,1211170.0,55,"Python, Django, SQL, Excel, Figma, Tableau"
525,Cybersecurity Analyst,Banking,Noida,0-2,Diploma,Full-time,2024,566136.0,66,"Cybersecurity, Linux, Python, Docker, Problem Solving, Excel"
526,Business Analyst,Consulting,Delhi NCR,5-8,Master's Degree,Full-time,2023,642580.0,52,"Excel, SQL, Power BI, Django, Problem Solving, Java"
527,Cloud Engineer,FinTech,Kochi,2-5,Diploma,Internship,2026,1010952.0,69,"AWS, Linux, Docker, Project Management, React, Git"
528,BI Developer,IT Services,Mumbai,5-8,Diploma,Contract,2023,955723.0,52,"Power BI, SQL, Excel, PyTorch, JavaScript, TensorFlow"
529,Database Administrator,Healthcare,Hyderabad,0-2,Master's Degree,Contract,2026,477204.0,51,"SQL, Oracle, Linux, JavaScript, Git, Power BI"
530,Python Developer,E-commerce,Gurugram,0-2,Diploma,Contract,2024,457950.0,50,"Python, Django, SQL, Communication, PyTorch, JavaScript"
531,Data Analyst,Healthcare,Mumbai,2-5,Diploma,Internship,2023,590484.0,63,"Excel, Python, SQL, PyTorch, Figma, AWS"
532,Network Engineer,SaaS,Gurugram,5-8,Master's Degree,Contract,2026,925175.0,51,"Networking, Linux, Cisco, Agile, C++, Java"
533,Cybersecurity Analyst,E-commerce,Bengaluru,8+,Diploma,Full-time,2025,1386864.0,80,"Cybersecurity, Linux, Python, Spring Boot, JavaScript, Communication"
534,Python Developer,Healthcare,Pune,5-8,Master's Degree,Internship,2023,927357.0,45,"Python, Django, SQL, Machine Learning, Git, AWS"
535,Data Scientist,EdTech,Delhi NCR,8+,Bachelor's Degree,Contract,2024,1561959.0,53,"Python, SQL, Machine Learning, React, Django, Docker"
536,Python Developer,EdTech,Gurugram,5-8,Master's Degree,Internship,2024,949173.0,53,"Python, Django, SQL, Docker, Deep Learning, Project Management"
537,UI/UX Designer,FinTech,Delhi NCR,2-5,Master's Degree,Contract,2026,513402.0,55,"Figma, UI/UX, Adobe XD, Power BI, C++, Python"
538,Machine Learning Engineer,IT Services,Delhi NCR,2-5,Bachelor's Degree,Internship,2024,1154385.0,35,"Python, TensorFlow, Machine Learning, Project Management, C++, React"
539,Machine Learning Engineer,Telecom,Kochi,5-8,Any Degree,Full-time,2024,1460951.0,46,"Python, TensorFlow, Machine Learning, PyTorch, Excel, Communication"
540,BI Developer,Telecom,Delhi NCR,5-8,Master's Degree,Internship,2025,923476.0,45,"Power BI, SQL, Excel, Kubernetes, Deep Learning, Django"
541,BI Developer,Banking,Gurugram,8+,Bachelor's Degree,Full-time,2024,1318581.0,54,"Power BI, SQL, Excel, Machine Learning, React, Spring Boot"
542,Cybersecurity Analyst,Manufacturing,Gurugram,8+,Master's Degree,Internship,2025,1126534.0,71,"Cybersecurity, Linux, Python, Azure, Selenium, C++"
543,QA Engineer,Healthcare,Pune,5-8,Any Degree,Internship,2024,756160.0,49,"Selenium, Python, Java, Excel, Docker, Django"
544,UI/UX Designer,IT Services,Chennai,5-8,Diploma,Contract,2023,580050.0,38,"Figma, UI/UX, Adobe XD, Django, Project Management, Linux"
545,Product Manager,IT Services,Chennai,8+,Any Degree,Internship,2023,1998299.0,46,"Product Management, Agile, Communication, Excel, PyTorch, Figma"
546,DevOps Engineer,FinTech,Gurugram,0-2,Diploma,Contract,2025,773584.0,47,"Docker, Kubernetes, AWS, Java, Spring Boot, SQL"
547,Python Developer,E-commerce,Delhi NCR,5-8,Bachelor's Degree,Internship,2023,880854.0,44,"Python, Django, SQL, AWS, Power BI, Docker"
548,Java Developer,SaaS,Hyderabad,5-8,Diploma,Full-time,2024,1016732.0,48,"Java, Spring Boot, SQL, Communication, Statistics, Docker"
549,QA Engineer,E-commerce,Delhi NCR,5-8,Bachelor's Degree,Full-time,2023,701904.0,40,"Selenium, Python, Java, Deep Learning, Linux, Kubernetes"
550,Project Manager,Healthcare,Chennai,8+,Diploma,Contract,2023,1774809.0,50,"Project Management, Agile, Communication, Power BI, Tableau, Python"
551,Database Administrator,Consulting,Pune,5-8,Master's Degree,Internship,2025,698627.0,52,"SQL, Oracle, Linux, Statistics, Tableau, HTML/CSS"
552,Cybersecurity Analyst,Healthcare,Pune,8+,Any Degree,Contract,2024,1307245.0,55,"Cybersecurity, Linux, Python, Project Management, Tableau, Power BI"
553,Web Developer,IT Services,Hyderabad,0-2,Bachelor's Degree,Full-time,2023,532558.0,40,"JavaScript, HTML/CSS, React, SQL, Excel, Kubernetes"
554,Web Developer,Healthcare,Visakhapatnam,5-8,Diploma,Contract,2024,598777.0,53,"JavaScript, HTML/CSS, React, Tableau, Agile, Docker"
555,Project Manager,Healthcare,Visakhapatnam,0-2,Bachelor's Degree,Internship,2023,668651.0,40,"Project Management, Agile, Communication, Selenium, JavaScript, C++"
556,Web Developer,Consulting,Kochi,2-5,Any Degree,Full-time,2025,541899.0,55,"JavaScript, HTML/CSS, React, Power BI, Java, Azure"
557,Cloud Engineer,FinTech,Noida,8+,Diploma,Internship,2025,1533094.0,69,"AWS, Linux, Docker, Tableau, TensorFlow, Project Management"
558,Data Scientist,EdTech,Hyderabad,8+,Master's Degree,Internship,2026,1485083.0,77,"Python, SQL, Machine Learning, Selenium, Agile, Docker"
559,Cybersecurity Analyst,Healthcare,Noida,5-8,Any Degree,Internship,2023,873789.0,62,"Cybersecurity, Linux, Python, Figma, Deep Learning, Tableau"
560,Machine Learning Engineer,E-commerce,Hyderabad,0-2,Diploma,Full-time,2026,842429.0,54,"Python, TensorFlow, Machine Learning, JavaScript, Power BI, Kubernetes"
561,Business Analyst,Healthcare,Hyderabad,8+,Diploma,Internship,2026,883555.0,66,"Excel, SQL, Power BI, Problem Solving, Project Management, Spring Boot"
562,Database Administrator,SaaS,Gurugram,5-8,Any Degree,Full-time,2026,734212.0,58,"SQL, Oracle, Linux, Machine Learning, Tableau, C++"
563,Python Developer,FinTech,Bengaluru,8+,Master's Degree,Contract,2023,1203432.0,50,"Python, Django, SQL, React, Azure, Selenium"
564,Mobile App Developer,FinTech,Hyderabad,2-5,Diploma,Internship,2026,533068.0,65,"Flutter, Dart, Firebase, Linux, Machine Learning, HTML/CSS"
565,Data Analyst,Telecom,Bengaluru,8+,Master's Degree,Internship,2023,694367.0,56,"Excel, Python, SQL, Linux, Deep Learning, Tableau"
566,Cybersecurity Analyst,Consulting,Pune,5-8,Any Degree,Internship,2026,1034716.0,81,"Cybersecurity, Linux, Python, Deep Learning, Agile, Tableau"
567,AI Engineer,Consulting,Visakhapatnam,2-5,Any Degree,Internship,2026,1142005.0,76,"Python, Deep Learning, TensorFlow, AWS, C++, Machine Learning"
568,Database Administrator,EdTech,Mumbai,0-2,Bachelor's Degree,Internship,2023,398459.0,53,"SQL, Oracle, Linux, Kubernetes, Project Management, Problem Solving"
569,Business Analyst,Telecom,Hyderabad,8+,Bachelor's Degree,Internship,2025,905380.0,57,"Excel, SQL, Power BI, Communication, Git, Figma"
570,Cybersecurity Analyst,EdTech,Hyderabad,5-8,Any Degree,Contract,2024,831213.0,71,"Cybersecurity, Linux, Python, Figma, Azure, Django"
571,Product Manager,IT Services,Visakhapatnam,8+,Master's Degree,Contract,2025,1796726.0,46,"Product Management, Agile, Communication, Power BI, Project Management, Linux"
572,Project Manager,E-commerce,Delhi NCR,8+,Master's Degree,Contract,2025,1560527.0,60,"Project Management, Agile, Communication, Django, Statistics, Excel"
573,Data Scientist,SaaS,Mumbai,0-2,Bachelor's Degree,Internship,2026,715312.0,66,"Python, SQL, Machine Learning, Spring Boot, Java, Kubernetes"
574,Product Manager,Healthcare,Noida,5-8,Diploma,Full-time,2025,1396391.0,60,"Product Management, Agile, Communication, C++, AWS, Spring Boot"
575,Business Analyst,SaaS,Mumbai,2-5,Any Degree,Full-time,2026,674268.0,48,"Excel, SQL, Power BI, Figma, Problem Solving, PyTorch"
576,UI/UX Designer,Manufacturing,Mumbai,0-2,Master's Degree,Internship,2026,316680.0,50,"Figma, UI/UX, Adobe XD, Docker, Azure, Tableau"
577,Cybersecurity Analyst,Telecom,Noida,2-5,Master's Degree,Contract,2025,833790.0,78,"Cybersecurity, Linux, Python, C++, Statistics, Git"
578,Mobile App Developer,Telecom,Chennai,2-5,Any Degree,Contract,2024,502574.0,44,"Flutter, Dart, Firebase, React, Problem Solving, Agile"
579,BI Developer,IT Services,Noida,5-8,Master's Degree,Internship,2024,860929.0,52,"Power BI, SQL, Excel, Docker, Statistics, Communication"
580,Product Manager,IT Services,Bengaluru,5-8,Any Degree,Internship,2023,1505151.0,42,"Product Management, Agile, Communication, AWS, Docker, Spring Boot"
581,Cloud Engineer,SaaS,Hyderabad,5-8,Diploma,Contract,2023,1263935.0,58,"AWS, Linux, Docker, Excel, React, Selenium"
582,Business Analyst,Telecom,Chennai,0-2,Bachelor's Degree,Contract,2024,312546.0,43,"Excel, SQL, Power BI, Docker, Deep Learning, Machine Learning"
583,Database Administrator,EdTech,Hyderabad,2-5,Diploma,Contract,2026,798994.0,63,"SQL, Oracle, Linux, Project Management, Java, Kubernetes"
584,Mobile App Developer,IT Services,Bengaluru,8+,Master's Degree,Contract,2024,992780.0,43,"Flutter, Dart, Firebase, Selenium, Docker, Statistics"
585,Data Analyst,Banking,Noida,2-5,Any Degree,Full-time,2025,429226.0,68,"Excel, Python, SQL, HTML/CSS, Deep Learning, Figma"
586,Machine Learning Engineer,Consulting,Gurugram,8+,Bachelor's Degree,Contract,2026,1963028.0,51,"Python, TensorFlow, Machine Learning, Tableau, JavaScript, Problem Solving"
587,Mobile App Developer,EdTech,Kochi,0-2,Master's Degree,Full-time,2026,498592.0,63,"Flutter, Dart, Firebase, Django, Java, Azure"
588,Web Developer,EdTech,Mumbai,2-5,Any Degree,Contract,2023,484881.0,39,"JavaScript, HTML/CSS, React, Problem Solving, Project Management, Figma"
589,Product Manager,Banking,Pune,5-8,Master's Degree,Contract,2024,1484858.0,51,"Product Management, Agile, Communication, JavaScript, Excel, AWS"
590,QA Engineer,IT Services,Chennai,2-5,Bachelor's Degree,Contract,2023,682053.0,40,"Selenium, Python, Java, Machine Learning, HTML/CSS, Git"
591,BI Developer,Banking,Visakhapatnam,5-8,Any Degree,Contract,2024,871036.0,51,"Power BI, SQL, Excel, Spring Boot, JavaScript, Python"
592,Product Manager,Healthcare,Hyderabad,5-8,Master's Degree,Internship,2024,1331388.0,53,"Product Management, Agile, Communication, Linux, Kubernetes, Tableau"
593,Cybersecurity Analyst,Telecom,Chennai,2-5,Master's Degree,Contract,2024,588631.0,64,"Cybersecurity, Linux, Python, C++, HTML/CSS, Spring Boot"
594,UI/UX Designer,IT Services,Hyderabad,5-8,Any Degree,Internship,2026,782319.0,60,"Figma, UI/UX, Adobe XD, Kubernetes, Spring Boot, JavaScript"
595,DevOps Engineer,FinTech,Hyderabad,5-8,Bachelor's Degree,Full-time,2023,1459319.0,59,"Docker, Kubernetes, AWS, TensorFlow, Azure, Selenium"
596,Project Manager,Telecom,Visakhapatnam,5-8,Diploma,Full-time,2025,1154671.0,48,"Project Management, Agile, Communication, Deep Learning, TensorFlow"
597,Product Manager,Consulting,Delhi NCR,5-8,Diploma,Full-time,2024,1458076.0,38,"Product Management, Agile, Communication, AWS, Tableau, HTML/CSS"
598,Product Manager,EdTech,Mumbai,5-8,Any Degree,Full-time,2026,1428879.0,53,"Product Management, Agile, Communication, Problem Solving, HTML/CSS, Machine Learning"
599,Product Manager,Manufacturing,Pune,2-5,Diploma,Full-time,2026,899586.0,63,"Product Management, Agile, Communication, React, Java, SQL"
600,UI/UX Designer,FinTech,Noida,8+,Any Degree,Full-time,2026,806956.0,57,"Figma, UI/UX, Adobe XD, Selenium, Deep Learning, Linux"
601,Python Developer,EdTech,Hyderabad,5-8,Master's Degree,Internship,2023,809196.0,48,"Python, Django, SQL, React, Agile, TensorFlow"
602,Project Manager,E-commerce,Visakhapatnam,2-5,Diploma,Internship,2026,1015476.0,43,"Project Management, Agile, Communication, Spring Boot, Power BI, Git"
603,Software Developer,EdTech,Noida,2-5,Any Degree,Internship,2023,588662.0,50,"Java, Python, Git, Deep Learning, Problem Solving, Communication"
604,Mobile App Developer,EdTech,Bengaluru,8+,Master's Degree,Full-time,2023,997474.0,44,"Flutter, Dart, Firebase, Figma, Problem Solving, TensorFlow"
605,Cybersecurity Analyst,IT Services,Delhi NCR,8+,Bachelor's Degree,Full-time,2023,1127765.0,62,"Cybersecurity, Linux, Python, C++, JavaScript, HTML/CSS"
606,Java Developer,Telecom,Noida,2-5,Master's Degree,Contract,2025,581180.0,52,"Java, Spring Boot, SQL, Deep Learning, Statistics, Linux"
607,Software Developer,Manufacturing,Delhi NCR,8+,Any Degree,Full-time,2024,1365623.0,54,"Java, Python, Git, TensorFlow, Docker, Spring Boot"
608,Database Administrator,E-commerce,Visakhapatnam,8+,Master's Degree,Contract,2026,927884.0,50,"SQL, Oracle, Linux, TensorFlow, Docker, Machine Learning"
609,Project Manager,Banking,Hyderabad,0-2,Diploma,Full-time,2026,782162.0,52,"Project Management, Agile, Communication, Linux, C++, Tableau"
610,BI Developer,SaaS,Mumbai,0-2,Bachelor's Degree,Contract,2023,655190.0,48,"Power BI, SQL, Excel, PyTorch, JavaScript, Machine Learning"
611,QA Engineer,EdTech,Mumbai,0-2,Master's Degree,Full-time,2025,490594.0,57,"Selenium, Python, Java, SQL, Tableau, Agile"
612,Data Scientist,Telecom,Hyderabad,8+,Diploma,Full-time,2025,1627206.0,71,"Python, SQL, Machine Learning, Deep Learning, Selenium, Statistics"
613,Java Developer,SaaS,Hyderabad,0-2,Master's Degree,Internship,2025,500139.0,48,"Java, Spring Boot, SQL, Python, Azure, Tableau"
614,UI/UX Designer,SaaS,Noida,5-8,Bachelor's Degree,Full-time,2026,697198.0,52,"Figma, UI/UX, Adobe XD, Selenium, Spring Boot, Kubernetes"
615,Data Analyst,FinTech,Chennai,2-5,Master's Degree,Contract,2023,597703.0,54,"Excel, Python, SQL, C++, TensorFlow, Figma"
616,AI Engineer,FinTech,Chennai,2-5,Any Degree,Contract,2025,1132196.0,62,"Python, Deep Learning, TensorFlow, SQL, Tableau, JavaScript"
617,Data Analyst,SaaS,Gurugram,5-8,Bachelor's Degree,Internship,2024,630829.0,50,"Excel, Python, SQL, Linux, Tableau, AWS"
618,BI Developer,Consulting,Noida,8+,Any Degree,Full-time,2025,1219904.0,62,"Power BI, SQL, Excel, PyTorch, Spring Boot, Agile"
619,Data Scientist,IT Services,Kochi,5-8,Bachelor's Degree,Contract,2026,1215976.0,73,"Python, SQL, Machine Learning, Git, Figma, Linux"
620,Database Administrator,Telecom,Gurugram,5-8,Master's Degree,Internship,2023,907862.0,42,"SQL, Oracle, Linux, Deep Learning, Kubernetes, Machine Learning"
621,Network Engineer,Consulting,Visakhapatnam,8+,Any Degree,Full-time,2024,1287941.0,46,"Networking, Linux, Cisco, Project Management, Selenium, Spring Boot"
622,Web Developer,FinTech,Mumbai,2-5,Any Degree,Contract,2026,469845.0,56,"JavaScript, HTML/CSS, React, Selenium, TensorFlow, Power BI"
623,Web Developer,IT Services,Kochi,5-8,Diploma,Contract,2023,697113.0,37,"JavaScript, HTML/CSS, React, Java, PyTorch, SQL"
624,Mobile App Developer,FinTech,Chennai,5-8,Diploma,Full-time,2024,953098.0,36,"Flutter, Dart, Firebase, Problem Solving, Docker, Communication"
625,Project Manager,FinTech,Visakhapatnam,8+,Bachelor's Degree,Internship,2023,1788794.0,54,"Project Management, Agile, Communication, Problem Solving, Power BI, Statistics"
626,Project Manager,E-commerce,Hyderabad,5-8,Any Degree,Internship,2023,1162109.0,56,"Project Management, Agile, Communication, C++, Selenium, Azure"
627,Python Developer,EdTech,Delhi NCR,2-5,Any Degree,Contract,2024,676732.0,42,"Python, Django, SQL, Linux, Project Management, Excel"
628,Project Manager,FinTech,Pune,8+,Any Degree,Full-time,2025,1608193.0,64,"Project Management, Agile, Communication, Spring Boot, React, Tableau"
629,BI Developer,Telecom,Noida,5-8,Bachelor's Degree,Full-time,2026,1103122.0,43,"Power BI, SQL, Excel, Deep Learning, React, Project Management"
630,Network Engineer,E-commerce,Noida,8+,Bachelor's Degree,Internship,2026,1227757.0,61,"Networking, Linux, Cisco, Selenium, Spring Boot, Tableau"
631,Project Manager,Telecom,Mumbai,5-8,Master's Degree,Internship,2026,1331465.0,51,"Project Management, Agile, Communication, Git, Docker, Python"
632,UI/UX Designer,Manufacturing,Chennai,5-8,Diploma,Full-time,2026,756302.0,49,"Figma, UI/UX, Adobe XD, Agile, Django, Kubernetes"
633,AI Engineer,Telecom,Delhi NCR,5-8,Diploma,Internship,2024,1474120.0,66,"Python, Deep Learning, TensorFlow, PyTorch, Django, Git"
634,Data Analyst,Manufacturing,Bengaluru,5-8,Diploma,Contract,2025,677952.0,64,"Excel, Python, SQL, PyTorch, JavaScript, Agile"
635,Project Manager,FinTech,Delhi NCR,0-2,Diploma,Full-time,2023,644621.0,49,"Project Management, Agile, Communication, TensorFlow, Figma, Python"
636,QA Engineer,Manufacturing,Visakhapatnam,5-8,Any Degree,Internship,2024,675360.0,39,"Selenium, Python, Java, Statistics, Problem Solving, Django"
637,Cloud Engineer,EdTech,Hyderabad,8+,Bachelor's Degree,Contract,2024,1529396.0,57,"AWS, Linux, Docker, Problem Solving, Machine Learning, Excel"
638,Product Manager,Consulting,Chennai,8+,Any Degree,Internship,2023,1876471.0,43,"Product Management, Agile, Communication, Machine Learning, Problem Solving, Kubernetes"
639,UI/UX Designer,Telecom,Gurugram,2-5,Bachelor's Degree,Internship,2024,455429.0,51,"Figma, UI/UX, Adobe XD, Azure, Tableau, Selenium"
640,UI/UX Designer,IT Services,Gurugram,5-8,Bachelor's Degree,Full-time,2024,766509.0,48,"Figma, UI/UX, Adobe XD, Power BI, PyTorch, Statistics"
641,QA Engineer,IT Services,Mumbai,5-8,Master's Degree,Full-time,2024,681477.0,35,"Selenium, Python, Java, AWS, Docker, Deep Learning"
642,BI Developer,Banking,Bengaluru,2-5,Diploma,Full-time,2025,825737.0,65,"Power BI, SQL, Excel, TensorFlow, Python, JavaScript"
643,BI Developer,SaaS,Gurugram,8+,Master's Degree,Full-time,2025,1370086.0,62,"Power BI, SQL, Excel, Statistics, Linux, TensorFlow"
644,UI/UX Designer,Consulting,Gurugram,5-8,Master's Degree,Contract,2024,516794.0,47,"Figma, UI/UX, Adobe XD, PyTorch, Spring Boot, AWS"
645,AI Engineer,Consulting,Bengaluru,0-2,Diploma,Internship,2025,899786.0,83,"Python, Deep Learning, TensorFlow, Problem Solving, SQL, Spring Boot"
646,Software Developer,FinTech,Kochi,0-2,Bachelor's Degree,Full-time,2024,667187.0,50,"Java, Python, Git, PyTorch, HTML/CSS, Project Management"
647,AI Engineer,IT Services,Pune,2-5,Diploma,Contract,2025,1238907.0,80,"Python, Deep Learning, TensorFlow, Spring Boot, Linux, Power BI"
648,Data Scientist,IT Services,Gurugram,2-5,Bachelor's Degree,Full-time,2025,874480.0,66,"Python, SQL, Machine Learning, PyTorch, Kubernetes, Azure"
649,AI Engineer,Banking,Pune,5-8,Bachelor's Degree,Internship,2024,1640491.0,60,"Python, Deep Learning, TensorFlow, Java, Git, Azure"
650,Java Developer,IT Services,Bengaluru,0-2,Bachelor's Degree,Full-time,2025,466012.0,60,"Java, Spring Boot, SQL, Linux, Kubernetes, Git"
651,Cloud Engineer,SaaS,Visakhapatnam,8+,Any Degree,Full-time,2024,1784807.0,64,"AWS, Linux, Docker, HTML/CSS, SQL, Git"
652,Data Analyst,Healthcare,Noida,0-2,Diploma,Internship,2023,313894.0,54,"Excel, Python, SQL, Django, Figma, Statistics"
653,UI/UX Designer,Manufacturing,Hyderabad,5-8,Any Degree,Internship,2024,652131.0,57,"Figma, UI/UX, Adobe XD, Java, Agile, React"
654,Data Scientist,Consulting,Bengaluru,2-5,Any Degree,Contract,2025,750162.0,71,"Python, SQL, Machine Learning, TensorFlow, Git, Selenium"
655,Web Developer,Manufacturing,Visakhapatnam,2-5,Any Degree,Internship,2025,631754.0,45,"JavaScript, HTML/CSS, React, Spring Boot, Excel, Kubernetes"
656,Python Developer,Banking,Kochi,5-8,Diploma,Full-time,2026,1020179.0,57,"Python, Django, SQL, Kubernetes, Figma, Git"
657,Network Engineer,Healthcare,Delhi NCR,5-8,Any Degree,Full-time,2026,759762.0,43,"Networking, Linux, Cisco, Figma, Tableau, Spring Boot"
658,Java Developer,Manufacturing,Noida,0-2,Any Degree,Internship,2026,606191.0,43,"Java, Spring Boot, SQL, Figma, Power BI, PyTorch"
659,Database Administrator,SaaS,Noida,2-5,Any Degree,Contract,2025,761743.0,46,"SQL, Oracle, Linux, Project Management, Communication, Python"
660,UI/UX Designer,Healthcare,Bengaluru,5-8,Master's Degree,Full-time,2023,547453.0,49,"Figma, UI/UX, Adobe XD, Project Management, PyTorch, Django"
661,Database Administrator,Banking,Bengaluru,2-5,Diploma,Internship,2026,512140.0,51,"SQL, Oracle, Linux, Statistics, Selenium, AWS"
662,Product Manager,Manufacturing,Pune,2-5,Diploma,Internship,2024,874608.0,44,"Product Management, Agile, Communication, Tableau, Figma, Excel"
663,Project Manager,Healthcare,Mumbai,5-8,Bachelor's Degree,Contract,2023,1319204.0,55,"Project Management, Agile, Communication, Azure, Python, AWS"
664,BI Developer,FinTech,Mumbai,5-8,Diploma,Contract,2026,975177.0,44,"Power BI, SQL, Excel, Tableau, Agile, Git"
665,UI/UX Designer,IT Services,Delhi NCR,5-8,Any Degree,Full-time,2026,514542.0,50,"Figma, UI/UX, Adobe XD, TensorFlow, Agile, Python"
666,Web Developer,EdTech,Pune,0-2,Diploma,Contract,2025,268361.0,66,"JavaScript, HTML/CSS, React, Machine Learning, Statistics, Python"
667,Software Developer,Healthcare,Gurugram,5-8,Any Degree,Full-time,2025,975902.0,62,"Java, Python, Git, C++, Power BI, Project Management"
668,UI/UX Designer,FinTech,Visakhapatnam,0-2,Bachelor's Degree,Contract,2023,273218.0,39,"Figma, UI/UX, Adobe XD, Statistics, Selenium, Excel"
669,Cybersecurity Analyst,Telecom,Visakhapatnam,0-2,Any Degree,Full-time,2023,547777.0,69,"Cybersecurity, Linux, Python, Git, AWS, Tableau"
670,Mobile App Developer,Consulting,Bengaluru,8+,Bachelor's Degree,Contract,2026,1163981.0,68,"Flutter, Dart, Firebase, PyTorch, Power BI, Git"
671,Network Engineer,Healthcare,Visakhapatnam,0-2,Master's Degree,Internship,2023,548552.0,41,"Networking, Linux, Cisco, Excel, PyTorch, Agile"
672,DevOps Engineer,Telecom,Delhi NCR,8+,Master's Degree,Contract,2026,1655777.0,44,"Docker, Kubernetes, AWS, Tableau, Statistics, SQL"
673,BI Developer,EdTech,Kochi,2-5,Diploma,Full-time,2025,624222.0,52,"Power BI, SQL, Excel, Kubernetes, Selenium, AWS"
674,QA Engineer,IT Services,Pune,0-2,Diploma,Full-time,2024,386618.0,42,"Selenium, Python, Java, HTML/CSS, Figma, Statistics"
675,Product Manager,SaaS,Gurugram,5-8,Any Degree,Full-time,2025,1429830.0,46,"Product Management, Agile, Communication, AWS, Git, Java"
676,Cloud Engineer,Healthcare,Bengaluru,2-5,Master's Degree,Contract,2024,856705.0,67,"AWS, Linux, Docker, Agile, Project Management, Git"
677,Data Analyst,IT Services,Delhi NCR,0-2,Diploma,Full-time,2023,406407.0,56,"Excel, Python, SQL, React, Kubernetes, Deep Learning"
678,Web Developer,Banking,Chennai,5-8,Master's Degree,Full-time,2024,805651.0,40,"JavaScript, HTML/CSS, React, AWS, Django, Git"
679,DevOps Engineer,IT Services,Hyderabad,0-2,Diploma,Contract,2024,621514.0,47,"Docker, Kubernetes, AWS, JavaScript, C++, Deep Learning"
680,Java Developer,SaaS,Kochi,0-2,Any Degree,Internship,2026,405547.0,49,"Java, Spring Boot, SQL, JavaScript, Statistics, HTML/CSS"
681,Network Engineer,Telecom,Visakhapatnam,2-5,Master's Degree,Full-time,2024,801330.0,45,"Networking, Linux, Cisco, C++, Agile, Tableau"
682,DevOps Engineer,Manufacturing,Pune,0-2,Master's Degree,Internship,2026,755399.0,50,"Docker, Kubernetes, AWS, Statistics, Communication, Selenium"
683,Project Manager,Consulting,Delhi NCR,5-8,Any Degree,Contract,2026,1328746.0,58,"Project Management, Agile, Communication, Machine Learning, Selenium, Linux"
684,Business Analyst,IT Services,Visakhapatnam,2-5,Any Degree,Contract,2024,545624.0,44,"Excel, SQL, Power BI, Git, Linux, C++"
685,Java Developer,Banking,Delhi NCR,0-2,Bachelor's Degree,Contract,2023,458514.0,53,"Java, Spring Boot, SQL, TensorFlow, AWS, C++"
686,Mobile App Developer,Telecom,Delhi NCR,8+,Any Degree,Full-time,2026,1022685.0,51,"Flutter, Dart, Firebase, Problem Solving, Linux, Git"
687,UI/UX Designer,Banking,Chennai,0-2,Diploma,Full-time,2023,250000.0,37,"Figma, UI/UX, Adobe XD, Machine Learning, Deep Learning, Django"
688,Software Developer,EdTech,Hyderabad,2-5,Diploma,Full-time,2023,680127.0,49,"Java, Python, Git, Communication, AWS, Docker"
689,Mobile App Developer,Manufacturing,Pune,5-8,Bachelor's Degree,Contract,2025,739553.0,60,"Flutter, Dart, Firebase, Docker, Problem Solving, Kubernetes"
690,Project Manager,Telecom,Pune,2-5,Any Degree,Internship,2024,927331.0,57,"Project Management, Agile, Communication, Machine Learning, TensorFlow, Statistics"
691,Network Engineer,EdTech,Hyderabad,8+,Diploma,Full-time,2024,1062875.0,40,"Networking, Linux, Cisco, Azure, Statistics, TensorFlow"
692,Python Developer,IT Services,Mumbai,5-8,Diploma,Contract,2026,856946.0,55,"Python, Django, SQL, Linux, Communication, Project Management"
693,Data Analyst,IT Services,Visakhapatnam,5-8,Any Degree,Full-time,2024,630457.0,62,"Excel, Python, SQL, Statistics, Selenium, Spring Boot"
694,Machine Learning Engineer,Telecom,Kochi,0-2,Master's Degree,Full-time,2024,718652.0,37,"Python, TensorFlow, Machine Learning, Linux, Figma, Git"
695,AI Engineer,IT Services,Pune,2-5,Diploma,Internship,2026,1049699.0,70,"Python, Deep Learning, TensorFlow, AWS, Git, React"
696,Machine Learning Engineer,IT Services,Gurugram,0-2,Master's Degree,Internship,2025,671547.0,46,"Python, TensorFlow, Machine Learning, Azure, AWS, JavaScript"
697,Product Manager,Telecom,Hyderabad,2-5,Master's Degree,Internship,2024,947927.0,55,"Product Management, Agile, Communication, Statistics, Selenium, Spring Boot"
698,Cybersecurity Analyst,Healthcare,Visakhapatnam,2-5,Master's Degree,Internship,2026,582232.0,70,"Cybersecurity, Linux, Python, Java, Machine Learning, Power BI"
699,QA Engineer,Consulting,Gurugram,0-2,Diploma,Contract,2026,481187.0,54,"Selenium, Python, Java, Docker, Figma, Machine Learning"
700,Java Developer,Healthcare,Noida,8+,Bachelor's Degree,Contract,2024,1137348.0,53,"Java, Spring Boot, SQL, Communication, React, Problem Solving"
701,Data Scientist,E-commerce,Chennai,5-8,Any Degree,Contract,2025,1249997.0,64,"Python, SQL, Machine Learning, Tableau, Problem Solving, Agile"
702,Software Developer,FinTech,Delhi NCR,5-8,Bachelor's Degree,Contract,2023,943028.0,51,"Java, Python, Git, React, Docker, HTML/CSS"
703,Machine Learning Engineer,Telecom,Gurugram,8+,Bachelor's Degree,Internship,2025,1956731.0,51,"Python, TensorFlow, Machine Learning, AWS, Excel, SQL"
704,Network Engineer,Consulting,Gurugram,0-2,Any Degree,Contract,2026,534528.0,47,"Networking, Linux, Cisco, React, Figma, Azure"
705,Java Developer,SaaS,Bengaluru,5-8,Bachelor's Degree,Internship,2023,792245.0,42,"Java, Spring Boot, SQL, Agile, Azure, React"
706,Python Developer,EdTech,Gurugram,0-2,Bachelor's Degree,Contract,2024,637806.0,36,"Python, Django, SQL, PyTorch, HTML/CSS, Machine Learning"
707,Cybersecurity Analyst,IT Services,Gurugram,8+,Bachelor's Degree,Contract,2023,1330134.0,52,"Cybersecurity, Linux, Python, HTML/CSS, Kubernetes, React"
708,Data Analyst,Healthcare,Delhi NCR,0-2,Bachelor's Degree,Contract,2023,479077.0,55,"Excel, Python, SQL, Communication, HTML/CSS, Agile"
709,Software Developer,EdTech,Delhi NCR,2-5,Master's Degree,Full-time,2024,860298.0,42,"Java, Python, Git, Linux, Machine Learning, Tableau"
710,Network Engineer,IT Services,Pune,5-8,Diploma,Internship,2026,758594.0,50,"Networking, Linux, Cisco, JavaScript, Azure, React"
711,Database Administrator,FinTech,Bengaluru,5-8,Master's Degree,Contract,2024,920263.0,57,"SQL, Oracle, Linux, Deep Learning, Tableau, Communication"
712,Mobile App Developer,Telecom,Delhi NCR,2-5,Bachelor's Degree,Contract,2024,635606.0,50,"Flutter, Dart, Firebase, Statistics, Selenium, Git"
713,Mobile App Developer,Consulting,Visakhapatnam,2-5,Bachelor's Degree,Contract,2026,596026.0,43,"Flutter, Dart, Firebase, Selenium, Python, React"
714,BI Developer,SaaS,Chennai,2-5,Master's Degree,Internship,2023,692357.0,47,"Power BI, SQL, Excel, Kubernetes, C++, React"
715,Cloud Engineer,Consulting,Visakhapatnam,5-8,Any Degree,Internship,2025,1210261.0,74,"AWS, Linux, Docker, Statistics, Project Management, SQL"
716,Data Analyst,EdTech,Chennai,2-5,Any Degree,Internship,2025,501793.0,65,"Excel, Python, SQL, Communication, Git, Statistics"
717,Java Developer,IT Services,Gurugram,0-2,Master's Degree,Full-time,2023,656098.0,41,"Java, Spring Boot, SQL, Excel, Figma, JavaScript"
718,QA Engineer,Healthcare,Kochi,0-2,Master's Degree,Contract,2024,387871.0,41,"Selenium, Python, Java, Machine Learning, Docker, React"
719,Mobile App Developer,Banking,Chennai,8+,Bachelor's Degree,Contract,2025,1190317.0,58,"Flutter, Dart, Firebase, JavaScript, HTML/CSS, Project Management"
720,Business Analyst,Consulting,Pune,8+,Any Degree,Full-time,2026,1028097.0,60,"Excel, SQL, Power BI, Statistics, TensorFlow, Python"
721,Mobile App Developer,E-commerce,Kochi,8+,Any Degree,Full-time,2024,1039095.0,52,"Flutter, Dart, Firebase, Azure, C++, Kubernetes"
722,Python Developer,Healthcare,Gurugram,0-2,Any Degree,Contract,2024,373850.0,50,"Python, Django, SQL, TensorFlow, Agile, AWS"
723,Database Administrator,Consulting,Noida,0-2,Master's Degree,Full-time,2025,482636.0,61,"SQL, Oracle, Linux, Excel, Tableau, AWS"
724,DevOps Engineer,Manufacturing,Delhi NCR,5-8,Master's Degree,Contract,2026,1388936.0,50,"Docker, Kubernetes, AWS, Figma, Linux, Machine Learning"
725,Database Administrator,E-commerce,Bengaluru,8+,Master's Degree,Full-time,2025,1183279.0,67,"SQL, Oracle, Linux, Java, C++, HTML/CSS"
726,Machine Learning Engineer,Telecom,Noida,2-5,Any Degree,Internship,2023,1182801.0,44,"Python, TensorFlow, Machine Learning, JavaScript, Azure, C++"
727,BI Developer,FinTech,Hyderabad,5-8,Bachelor's Degree,Full-time,2025,,57,"Power BI, SQL, Excel, Agile, Linux, Problem Solving"
728,Data Analyst,FinTech,Hyderabad,8+,Diploma,Full-time,2026,796356.0,68,"Excel, Python, SQL, Agile, Machine Learning, HTML/CSS"
729,Python Developer,Consulting,Chennai,0-2,Master's Degree,Contract,2024,505198.0,40,"Python, Django, SQL, HTML/CSS, React, Power BI"
730,UI/UX Designer,FinTech,Visakhapatnam,5-8,Bachelor's Degree,Internship,2024,515712.0,45,"Figma, UI/UX, Adobe XD, Power BI, HTML/CSS, Excel"
731,Product Manager,FinTech,Gurugram,5-8,Bachelor's Degree,Full-time,2023,1470539.0,36,"Product Management, Agile, Communication, Python, Spring Boot, TensorFlow"
732,Data Analyst,SaaS,Noida,8+,Diploma,Contract,2025,827073.0,69,"Excel, Python, SQL, Selenium, Machine Learning, AWS"
733,Database Administrator,Telecom,Noida,5-8,Master's Degree,Full-time,2023,931881.0,47,"SQL, Oracle, Linux, Python, Machine Learning, Communication"
734,Software Developer,Banking,Kochi,8+,Master's Degree,Full-time,2024,1285505.0,48,"Java, Python, Git, Communication, TensorFlow, PyTorch"
735,Network Engineer,EdTech,Bengaluru,5-8,Bachelor's Degree,Contract,2023,958378.0,52,"Networking, Linux, Cisco, React, Django, Machine Learning"
736,Product Manager,Telecom,Hyderabad,2-5,Bachelor's Degree,Full-time,2025,1068582.0,64,"Product Management, Agile, Communication, Machine Learning, TensorFlow, Project Management"
737,Machine Learning Engineer,Manufacturing,Mumbai,8+,Master's Degree,Full-time,2026,1986515.0,50,"Python, TensorFlow, Machine Learning, Deep Learning, Communication, Django"
738,Machine Learning Engineer,Telecom,Hyderabad,5-8,Any Degree,Internship,2023,1550794.0,48,"Python, TensorFlow, Machine Learning, Project Management, C++, HTML/CSS"
739,Python Developer,Consulting,Kochi,5-8,Diploma,Contract,2023,1016582.0,37,"Python, Django, SQL, Spring Boot, Project Management, Selenium"
740,Business Analyst,Telecom,Kochi,5-8,Master's Degree,Internship,2024,624706.0,53,"Excel, SQL, Power BI, Java, JavaScript, AWS"
741,QA Engineer,E-commerce,Delhi NCR,0-2,Any Degree,Contract,2025,353239.0,55,"Selenium, Python, Java, Django, PyTorch, HTML/CSS"
742,Python Developer,SaaS,Kochi,8+,Master's Degree,Contract,2024,1002756.0,44,"Python, Django, SQL, Machine Learning, Kubernetes, JavaScript"
743,UI/UX Designer,SaaS,Pune,0-2,Diploma,Internship,2025,339664.0,51,"Figma, UI/UX, Adobe XD, C++, Machine Learning, Selenium"
744,Product Manager,Consulting,Chennai,8+,Master's Degree,Internship,2025,1717643.0,49,"Product Management, Agile, Communication, Project Management, Git, Tableau"
745,Data Scientist,Consulting,Pune,2-5,Any Degree,Contract,2026,1047318.0,76,"Python, SQL, Machine Learning, Django, Azure, Kubernetes"
746,Business Analyst,Manufacturing,Hyderabad,2-5,Diploma,Internship,2025,620332.0,52,"Excel, SQL, Power BI, Django, Linux, JavaScript"
747,Cybersecurity Analyst,E-commerce,Gurugram,8+,Bachelor's Degree,Contract,2024,1187324.0,56,"Cybersecurity, Linux, Python, Java, React, Project Management"
748,QA Engineer,E-commerce,Hyderabad,2-5,Bachelor's Degree,Full-time,2026,687795.0,53,"Selenium, Python, Java, Tableau, AWS, Deep Learning"
749,Network Engineer,Telecom,Visakhapatnam,8+,Diploma,Internship,2024,1073500.0,50,"Networking, Linux, Cisco, Power BI, React, Kubernetes"
750,Java Developer,FinTech,Noida,8+,Bachelor's Degree,Full-time,2026,1082564.0,43,"Java, Spring Boot, SQL, Figma, Machine Learning, AWS"
751,Software Developer,Manufacturing,Gurugram,8+,Master's Degree,Contract,2024,1182117.0,53,"Java, Python, Git, Agile, Tableau, Statistics"
752,BI Developer,SaaS,Mumbai,5-8,Bachelor's Degree,Contract,2024,839049.0,47,"Power BI, SQL, Excel, Statistics, Django, HTML/CSS"
753,AI Engineer,Consulting,Kochi,0-2,Master's Degree,Full-time,2023,866052.0,55,"Python, Deep Learning, TensorFlow, React, Communication, Tableau"
754,UI/UX Designer,FinTech,Delhi NCR,2-5,Bachelor's Degree,Full-time,2023,505792.0,36,"Figma, UI/UX, Adobe XD, Excel, Deep Learning, HTML/CSS"
755,Cybersecurity Analyst,Manufacturing,Delhi NCR,0-2,Any Degree,Full-time,2024,454501.0,59,"Cybersecurity, Linux, Python, Excel, TensorFlow, Project Management"
756,Product Manager,Manufacturing,Delhi NCR,2-5,Bachelor's Degree,Full-time,2025,1061379.0,50,"Product Management, Agile, Communication, Spring Boot, Statistics, SQL"
757,Cybersecurity Analyst,E-commerce,Chennai,5-8,Diploma,Contract,2024,903218.0,52,"Cybersecurity, Linux, Python, Problem Solving, Spring Boot, Azure"
758,Java Developer,Consulting,Noida,8+,Diploma,Internship,2023,1282059.0,37,"Java, Spring Boot, SQL, JavaScript, PyTorch, HTML/CSS"
759,Web Developer,SaaS,Delhi NCR,2-5,Master's Degree,Full-time,2024,504908.0,35,"JavaScript, HTML/CSS, React, Statistics, Machine Learning, Linux"
760,Software Developer,FinTech,Kochi,5-8,Master's Degree,Full-time,2026,1012053.0,51,"Java, Python, Git, Azure, AWS, Project Management"
761,Data Analyst,Telecom,Hyderabad,0-2,Any Degree,Full-time,2024,474820.0,64,"Excel, Python, SQL, JavaScript, HTML/CSS, PyTorch"
762,Database Administrator,Banking,Visakhapatnam,0-2,Master's Degree,Contract,2025,628971.0,55,"SQL, Oracle, Linux, JavaScript, Docker, Agile"
763,AI Engineer,SaaS,Kochi,2-5,Master's Degree,Full-time,2026,1067718.0,62,"Python, Deep Learning, TensorFlow, Communication, PyTorch, Problem Solving"
764,QA Engineer,IT Services,Mumbai,2-5,Any Degree,Contract,2025,613464.0,48,"Selenium, Python, Java, Linux, Problem Solving, Machine Learning"
765,Project Manager,Banking,Mumbai,2-5,Bachelor's Degree,Internship,2026,876556.0,53,"Project Management, Agile, Communication, Excel, C++, AWS"
766,Machine Learning Engineer,FinTech,Chennai,0-2,Any Degree,Internship,2024,645375.0,35,"Python, TensorFlow, Machine Learning, Git, Django, Deep Learning"
767,Python Developer,Consulting,Gurugram,0-2,Diploma,Full-time,2023,554885.0,48,"Python, Django, SQL, Agile, Excel, Problem Solving"
768,Project Manager,IT Services,Visakhapatnam,2-5,Bachelor's Degree,Contract,2026,837444.0,54,"Project Management, Agile, Communication, Docker, Tableau, Machine Learning"
769,Business Analyst,EdTech,Pune,2-5,Any Degree,Contract,2023,659517.0,49,"Excel, SQL, Power BI, Project Management, JavaScript, Kubernetes"
770,Web Developer,SaaS,Bengaluru,5-8,Any Degree,Full-time,2026,868732.0,62,"JavaScript, HTML/CSS, React, Figma, PyTorch, SQL"
771,Data Analyst,Consulting,Visakhapatnam,5-8,Diploma,Full-time,2025,492149.0,70,"Excel, Python, SQL, Azure, Agile, HTML/CSS"
772,BI Developer,Healthcare,Gurugram,2-5,Master's Degree,Contract,2023,703215.0,43,"Power BI, SQL, Excel, TensorFlow, Python, React"
773,Database Administrator,EdTech,Mumbai,5-8,Master's Degree,Full-time,2026,722608.0,57,"SQL, Oracle, Linux, Machine Learning, Figma, Statistics"
774,BI Developer,EdTech,Bengaluru,2-5,Bachelor's Degree,Full-time,2024,665469.0,50,"Power BI, SQL, Excel, React, Linux, Machine Learning"
775,Web Developer,Banking,Gurugram,8+,Diploma,Contract,2023,965037.0,39,"JavaScript, HTML/CSS, React, Statistics, Communication, Problem Solving"
776,Business Analyst,FinTech,Pune,2-5,Bachelor's Degree,Internship,2023,456662.0,47,"Excel, SQL, Power BI, PyTorch, Python, Project Management"
777,BI Developer,IT Services,Visakhapatnam,5-8,Master's Degree,Internship,2026,904667.0,50,"Power BI, SQL, Excel, Java, Project Management, Machine Learning"
778,Java Developer,Banking,Chennai,2-5,Master's Degree,Full-time,2023,744899.0,38,"Java, Spring Boot, SQL, Linux, HTML/CSS, Deep Learning"
779,Python Developer,FinTech,Chennai,0-2,Master's Degree,Full-time,2024,452158.0,35,"Python, Django, SQL, HTML/CSS, JavaScript, Linux"
780,Business Analyst,Manufacturing,Noida,2-5,Any Degree,Internship,2025,476532.0,59,"Excel, SQL, Power BI, Machine Learning, TensorFlow, Tableau"
781,Cybersecurity Analyst,Banking,Hyderabad,5-8,Bachelor's Degree,Full-time,2025,1033475.0,68,"Cybersecurity, Linux, Python, HTML/CSS, Docker, Excel"
782,Network Engineer,Banking,Chennai,0-2,Diploma,Full-time,2026,,53,"Networking, Linux, Cisco, HTML/CSS, Machine Learning, Docker"
783,Data Analyst,E-commerce,Kochi,5-8,Master's Degree,Internship,2025,682879.0,69,"Excel, Python, SQL, Spring Boot, PyTorch, Selenium"
784,Web Developer,Telecom,Visakhapatnam,2-5,Master's Degree,Full-time,2023,598867.0,53,"JavaScript, HTML/CSS, React, Selenium, Power BI, SQL"
785,UI/UX Designer,FinTech,Hyderabad,8+,Bachelor's Degree,Full-time,2025,996893.0,52,"Figma, UI/UX, Adobe XD, JavaScript, Deep Learning, Communication"
786,BI Developer,Banking,Kochi,8+,Any Degree,Internship,2025,1288959.0,58,"Power BI, SQL, Excel, JavaScript, Machine Learning, Java"
787,Data Analyst,SaaS,Pune,2-5,Any Degree,Contract,2025,426896.0,69,"Excel, Python, SQL, Spring Boot, Tableau, Statistics"
788,AI Engineer,FinTech,Kochi,8+,Master's Degree,Full-time,2024,2068749.0,56,"Python, Deep Learning, TensorFlow, AWS, Selenium, C++"
789,QA Engineer,SaaS,Chennai,8+,Master's Degree,Contract,2023,951145.0,44,"Selenium, Python, Java, Agile, TensorFlow, Git"
790,DevOps Engineer,FinTech,Kochi,0-2,Diploma,Full-time,2024,680069.0,39,"Docker, Kubernetes, AWS, C++, SQL, Figma"
791,Data Scientist,Healthcare,Chennai,5-8,Diploma,Internship,2023,1239804.0,67,"Python, SQL, Machine Learning, AWS, Kubernetes, Tableau"
792,BI Developer,Banking,Visakhapatnam,0-2,Diploma,Full-time,2025,627179.0,48,"Power BI, SQL, Excel, Git, Agile, Docker"
793,QA Engineer,Telecom,Hyderabad,2-5,Any Degree,Full-time,2025,655054.0,54,"Selenium, Python, Java, C++, Kubernetes, Git"
794,Cloud Engineer,EdTech,Noida,0-2,Any Degree,Internship,2024,658788.0,68,"AWS, Linux, Docker, Deep Learning, Java, JavaScript"
795,Cybersecurity Analyst,Banking,Bengaluru,8+,Any Degree,Full-time,2024,1306210.0,57,"Cybersecurity, Linux, Python, React, Power BI, Java"
796,Business Analyst,Manufacturing,Hyderabad,0-2,Bachelor's Degree,Full-time,2024,440988.0,40,"Excel, SQL, Power BI, Linux, Python, JavaScript"
797,Machine Learning Engineer,E-commerce,Mumbai,0-2,Master's Degree,Contract,2023,782711.0,41,"Python, TensorFlow, Machine Learning, Docker, Problem Solving, Power BI"
798,UI/UX Designer,Banking,Pune,2-5,Bachelor's Degree,Full-time,2025,383142.0,68,"Figma, UI/UX, Adobe XD, Deep Learning, Selenium, HTML/CSS"
799,Software Developer,Banking,Kochi,8+,Master's Degree,Contract,2023,1142550.0,47,"Java, Python, Git, C++, SQL, Machine Learning"
800,Cybersecurity Analyst,Telecom,Chennai,2-5,Bachelor's Degree,Internship,2023,877230.0,61,"Cybersecurity, Linux, Python, HTML/CSS, Tableau, Git"
801,Software Developer,FinTech,Delhi NCR,2-5,Any Degree,Full-time,2023,633420.0,40,"Java, Python, Git, PyTorch, AWS, Selenium"
802,Cybersecurity Analyst,Banking,Visakhapatnam,5-8,Bachelor's Degree,Full-time,2025,1094870.0,60,"Cybersecurity, Linux, Python, Figma, Kubernetes, C++"
803,Python Developer,E-commerce,Delhi NCR,8+,Master's Degree,Full-time,2026,1244394.0,51,"Python, Django, SQL, Java, Spring Boot, Linux"
804,Python Developer,Telecom,Pune,8+,Diploma,Full-time,2025,1127149.0,68,"Python, Django, SQL, Problem Solving, Linux, Selenium"
805,Cloud Engineer,Telecom,Noida,8+,Any Degree,Internship,2026,1659742.0,76,"AWS, Linux, Docker, React, Azure, Excel"
806,Cloud Engineer,Healthcare,Hyderabad,2-5,Master's Degree,Full-time,2025,1083171.0,78,"AWS, Linux, Docker, Python, Kubernetes, Django"
807,Database Administrator,E-commerce,Delhi NCR,2-5,Master's Degree,Full-time,2025,760575.0,49,"SQL, Oracle, Linux, PyTorch, Azure, HTML/CSS"
808,Python Developer,E-commerce,Hyderabad,0-2,Bachelor's Degree,Contract,2026,578836.0,51,"Python, Django, SQL, Linux, AWS, Power BI"
809,Java Developer,E-commerce,Bengaluru,0-2,Master's Degree,Contract,2025,443513.0,52,"Java, Spring Boot, SQL, Python, Django, Linux"
810,Python Developer,Banking,Kochi,5-8,Bachelor's Degree,Full-time,2026,888192.0,52,"Python, Django, SQL, Figma, Problem Solving, Excel"
811,Data Scientist,E-commerce,Visakhapatnam,8+,Diploma,Internship,2024,1649804.0,58,"Python, SQL, Machine Learning, Communication, Deep Learning, Django"
812,BI Developer,Banking,Pune,8+,Bachelor's Degree,Full-time,2023,1393377.0,52,"Power BI, SQL, Excel, React, Agile, C++"
813,Java Developer,SaaS,Kochi,8+,Diploma,Internship,2023,1143224.0,36,"Java, Spring Boot, SQL, Figma, Azure, React"
814,Web Developer,FinTech,Mumbai,5-8,Master's Degree,Internship,2023,770957.0,44,"JavaScript, HTML/CSS, React, AWS, Python, Git"
815,Machine Learning Engineer,SaaS,Chennai,2-5,Bachelor's Degree,Internship,2023,1085507.0,43,"Python, TensorFlow, Machine Learning, Figma, Excel, HTML/CSS"
816,Data Scientist,Consulting,Visakhapatnam,5-8,Any Degree,Internship,2023,1077963.0,59,"Python, SQL, Machine Learning, Docker, Excel, AWS"
817,Network Engineer,EdTech,Noida,0-2,Master's Degree,Full-time,2024,469395.0,51,"Networking, Linux, Cisco, Communication, Deep Learning, Power BI"
818,Business Analyst,SaaS,Gurugram,2-5,Master's Degree,Full-time,2023,455461.0,37,"Excel, SQL, Power BI, Deep Learning, Java, Figma"
819,Python Developer,Manufacturing,Pune,2-5,Any Degree,Full-time,2025,646706.0,49,"Python, Django, SQL, AWS, Selenium, Linux"
820,Mobile App Developer,FinTech,Visakhapatnam,8+,Bachelor's Degree,Contract,2024,929221.0,44,"Flutter, Dart, Firebase, Python, Tableau, Communication"
821,UI/UX Designer,E-commerce,Delhi NCR,0-2,Diploma,Contract,2025,250000.0,57,"Figma, UI/UX, Adobe XD, Docker, Excel, Java"
822,UI/UX Designer,FinTech,Pune,5-8,Master's Degree,Contract,2026,747700.0,67,"Figma, UI/UX, Adobe XD, Kubernetes, AWS, Statistics"
823,Project Manager,EdTech,Visakhapatnam,8+,Bachelor's Degree,Internship,2025,1651782.0,62,"Project Management, Agile, Communication, HTML/CSS, Spring Boot, SQL"
824,AI Engineer,E-commerce,Bengaluru,8+,Any Degree,Internship,2023,1947461.0,67,"Python, Deep Learning, TensorFlow, AWS, Power BI, HTML/CSS"
825,Database Administrator,Consulting,Gurugram,0-2,Master's Degree,Contract,2026,414082.0,56,"SQL, Oracle, Linux, Tableau, AWS, Agile"
826,Machine Learning Engineer,EdTech,Delhi NCR,8+,Any Degree,Full-time,2026,1734297.0,47,"Python, TensorFlow, Machine Learning, Linux, Excel, Django"
827,Web Developer,SaaS,Delhi NCR,8+,Master's Degree,Full-time,2023,818720.0,50,"JavaScript, HTML/CSS, React, Statistics, Azure, Machine Learning"
828,Data Analyst,Banking,Noida,2-5,Diploma,Internship,2025,365077.0,60,"Excel, Python, SQL, Java, Docker, Linux"
829,BI Developer,Healthcare,Kochi,0-2,Master's Degree,Full-time,2025,,52,"Power BI, SQL, Excel, Machine Learning, AWS, Project Management"
830,BI Developer,Consulting,Gurugram,8+,Master's Degree,Full-time,2024,1206407.0,35,"Power BI, SQL, Excel, Problem Solving, Spring Boot, Linux"
831,QA Engineer,E-commerce,Visakhapatnam,5-8,Bachelor's Degree,Internship,2025,594256.0,53,"Selenium, Python, Java, Machine Learning, JavaScript, Deep Learning"
832,DevOps Engineer,IT Services,Kochi,8+,Master's Degree,Contract,2026,1791674.0,49,"Docker, Kubernetes, AWS, Spring Boot, Power BI, SQL"
833,AI Engineer,SaaS,Pune,5-8,Diploma,Contract,2026,1472928.0,63,"Python, Deep Learning, TensorFlow, React, Communication, Spring Boot"
834,Cybersecurity Analyst,Manufacturing,Mumbai,8+,Any Degree,Internship,2023,1294673.0,61,"Cybersecurity, Linux, Python, Machine Learning, Azure, Kubernetes"
835,Software Developer,Consulting,Pune,2-5,Diploma,Internship,2026,745826.0,60,"Java, Python, Git, React, Django, Machine Learning"
836,BI Developer,SaaS,Mumbai,0-2,Any Degree,Internship,2023,406891.0,38,"Power BI, SQL, Excel, Python, Selenium, Machine Learning"
837,AI Engineer,Consulting,Hyderabad,5-8,Any Degree,Full-time,2023,1665511.0,69,"Python, Deep Learning, TensorFlow, React, HTML/CSS, Project Management"
838,Product Manager,EdTech,Hyderabad,8+,Diploma,Contract,2026,1702281.0,64,"Product Management, Agile, Communication, Docker, Project Management, React"
839,DevOps Engineer,Telecom,Mumbai,8+,Diploma,Contract,2024,1609802.0,46,"Docker, Kubernetes, AWS, Python, Tableau, Statistics"
840,QA Engineer,Healthcare,Noida,8+,Any Degree,Internship,2026,1048564.0,47,"Selenium, Python, Java, Statistics, Django, Linux"
841,Business Analyst,Manufacturing,Delhi NCR,2-5,Any Degree,Internship,2024,439873.0,38,"Excel, SQL, Power BI, Statistics, React, PyTorch"
842,AI Engineer,EdTech,Pune,0-2,Master's Degree,Full-time,2024,647692.0,73,"Python, Deep Learning, TensorFlow, SQL, Figma, Project Management"
843,AI Engineer,SaaS,Hyderabad,2-5,Master's Degree,Internship,2026,1285024.0,68,"Python, Deep Learning, TensorFlow, Figma, Project Management, Kubernetes"
844,Cybersecurity Analyst,Manufacturing,Chennai,8+,Master's Degree,Internship,2024,1331117.0,52,"Cybersecurity, Linux, Python, Figma, Excel, C++"
845,QA Engineer,FinTech,Hyderabad,0-2,Bachelor's Degree,Contract,2026,292122.0,50,"Selenium, Python, Java, Docker, Git, React"
846,Web Developer,FinTech,Noida,8+,Any Degree,Contract,2026,822072.0,56,"JavaScript, HTML/CSS, React, Figma, Excel, C++"
847,UI/UX Designer,E-commerce,Pune,2-5,Bachelor's Degree,Contract,2025,507899.0,49,"Figma, UI/UX, Adobe XD, Django, PyTorch, Statistics"
848,Product Manager,SaaS,Visakhapatnam,5-8,Bachelor's Degree,Internship,2023,1522974.0,52,"Product Management, Agile, Communication, JavaScript, PyTorch, Python"
849,Python Developer,EdTech,Chennai,0-2,Diploma,Contract,2023,468261.0,39,"Python, Django, SQL, C++, Tableau, Agile"
850,Web Developer,EdTech,Hyderabad,8+,Master's Degree,Internship,2025,930818.0,53,"JavaScript, HTML/CSS, React, Linux, C++, Docker"
851,DevOps Engineer,FinTech,Noida,2-5,Diploma,Contract,2025,1106128.0,56,"Docker, Kubernetes, AWS, TensorFlow, Machine Learning, Deep Learning"
852,Software Developer,Telecom,Visakhapatnam,5-8,Bachelor's Degree,Internship,2026,932188.0,48,"Java, Python, Git, Figma, Power BI, Deep Learning"
853,QA Engineer,Banking,Noida,0-2,Diploma,Full-time,2025,294394.0,48,"Selenium, Python, Java, Statistics, Kubernetes, Linux"
854,Web Developer,EdTech,Delhi NCR,0-2,Any Degree,Internship,2024,262889.0,41,"JavaScript, HTML/CSS, React, Problem Solving, Python, AWS"
855,Cloud Engineer,FinTech,Kochi,2-5,Bachelor's Degree,Internship,2026,943178.0,77,"AWS, Linux, Docker, Power BI, Django, HTML/CSS"
856,BI Developer,EdTech,Noida,2-5,Bachelor's Degree,Full-time,2025,594897.0,56,"Power BI, SQL, Excel, TensorFlow, Tableau, Docker"
857,Java Developer,EdTech,Visakhapatnam,0-2,Any Degree,Contract,2026,455511.0,43,"Java, Spring Boot, SQL, Figma, Statistics, Django"
858,Business Analyst,Manufacturing,Bengaluru,0-2,Diploma,Contract,2023,280836.0,49,"Excel, SQL, Power BI, JavaScript, Statistics, Machine Learning"
859,Business Analyst,Manufacturing,Hyderabad,0-2,Bachelor's Degree,Contract,2025,377998.0,68,"Excel, SQL, Power BI, Problem Solving, Deep Learning, TensorFlow"
860,Software Developer,Healthcare,Bengaluru,2-5,Master's Degree,Full-time,2023,611540.0,53,"Java, Python, Git, AWS, Problem Solving, Agile"
861,Web Developer,Manufacturing,Delhi NCR,0-2,Diploma,Full-time,2023,337906.0,36,"JavaScript, HTML/CSS, React, Statistics, SQL, Power BI"
862,Network Engineer,Telecom,Visakhapatnam,2-5,Diploma,Full-time,2025,822457.0,47,"Networking, Linux, Cisco, PyTorch, Azure, Power BI"
863,BI Developer,FinTech,Gurugram,8+,Master's Degree,Full-time,2024,1298380.0,50,"Power BI, SQL, Excel, Docker, AWS, Project Management"
864,Cybersecurity Analyst,EdTech,Hyderabad,2-5,Bachelor's Degree,Internship,2024,788489.0,61,"Cybersecurity, Linux, Python, Power BI, Deep Learning, Excel"
865,UI/UX Designer,Healthcare,Noida,5-8,Diploma,Contract,2026,552598.0,59,"Figma, UI/UX, Adobe XD, TensorFlow, Problem Solving, Machine Learning"
866,UI/UX Designer,Manufacturing,Pune,2-5,,Contract,2023,585009.0,59,"Figma, UI/UX, Adobe XD, Kubernetes, Azure, Statistics"
867,Machine Learning Engineer,Telecom,Mumbai,5-8,Any Degree,Full-time,2024,1565448.0,39,"Python, TensorFlow, Machine Learning, Spring Boot, Figma, Tableau"
868,Software Developer,IT Services,Chennai,5-8,Diploma,Full-time,2026,828575.0,54,"Java, Python, Git, Communication, PyTorch, Deep Learning"
869,Machine Learning Engineer,Telecom,Delhi NCR,8+,Diploma,Contract,2024,1850657.0,49,"Python, TensorFlow, Machine Learning, PyTorch, Docker, Excel"
870,Data Scientist,Telecom,Noida,2-5,Any Degree,Internship,2024,870807.0,69,"Python, SQL, Machine Learning, Selenium, Git, PyTorch"
871,Software Developer,Healthcare,Bengaluru,0-2,Bachelor's Degree,Internship,2023,395941.0,47,"Java, Python, Git, Excel, Spring Boot, Docker"
872,DevOps Engineer,SaaS,Chennai,8+,Master's Degree,Full-time,2026,1630391.0,58,"Docker, Kubernetes, AWS, Agile, Problem Solving, HTML/CSS"
873,Database Administrator,SaaS,Mumbai,0-2,Diploma,Internship,2025,388272.0,58,"SQL, Oracle, Linux, TensorFlow, Communication, Spring Boot"
874,Java Developer,FinTech,Delhi NCR,5-8,Any Degree,Contract,2024,1024960.0,50,"Java, Spring Boot, SQL, JavaScript, Python, Communication"
875,Java Developer,FinTech,Mumbai,0-2,Master's Degree,Contract,2024,548201.0,50,"Java, Spring Boot, SQL, Deep Learning, Django, Python"
876,Data Scientist,SaaS,Bengaluru,2-5,Any Degree,Contract,2025,976497.0,73,"Python, SQL, Machine Learning, Project Management, Java, Docker"
877,Database Administrator,Banking,Kochi,5-8,Any Degree,Full-time,2026,827625.0,53,"SQL, Oracle, Linux, Statistics, Kubernetes, Git"
878,Project Manager,E-commerce,Bengaluru,2-5,Diploma,Full-time,2026,892158.0,61,"Project Management, Agile, Communication, Python, React, TensorFlow"
879,Machine Learning Engineer,Telecom,Chennai,8+,Diploma,Contract,2023,1996199.0,46,"Python, TensorFlow, Machine Learning, PyTorch, JavaScript, C++"
880,BI Developer,Banking,Mumbai,5-8,Diploma,Contract,2024,1070251.0,49,"Power BI, SQL, Excel, JavaScript, Machine Learning, Statistics"
881,Data Analyst,E-commerce,Gurugram,2-5,Diploma,Contract,2026,496955.0,63,"Excel, Python, SQL, Kubernetes, Selenium, Django"
882,Machine Learning Engineer,IT Services,Mumbai,2-5,Diploma,Full-time,2026,1004905.0,58,"Python, TensorFlow, Machine Learning, Spring Boot, Tableau, Excel"
883,Database Administrator,IT Services,Bengaluru,5-8,Master's Degree,Full-time,2025,953616.0,65,"SQL, Oracle, Linux, Project Management, TensorFlow, Figma"
884,DevOps Engineer,Healthcare,Pune,0-2,Any Degree,Contract,2026,607240.0,55,"Docker, Kubernetes, AWS, SQL, TensorFlow, Azure"
885,Software Developer,Banking,Mumbai,8+,Master's Degree,Contract,2025,1303676.0,47,"Java, Python, Git, AWS, Statistics, Spring Boot"
886,BI Developer,Healthcare,Kochi,0-2,Any Degree,Contract,2025,469200.0,48,"Power BI, SQL, Excel, Figma, Deep Learning, Django"
887,Python Developer,Consulting,Kochi,5-8,Bachelor's Degree,Contract,2025,895513.0,60,"Python, Django, SQL, Linux, Machine Learning, Excel"
888,Python Developer,Banking,Visakhapatnam,5-8,Any Degree,Full-time,2024,793182.0,36,"Python, Django, SQL, PyTorch, Spring Boot, Docker"
889,Data Analyst,Manufacturing,Gurugram,0-2,Bachelor's Degree,Contract,2026,256407.0,77,"Excel, Python, SQL, Figma, JavaScript, AWS"
890,Product Manager,IT Services,Delhi NCR,0-2,Master's Degree,Full-time,2023,740471.0,50,"Product Management, Agile, Communication, Machine Learning, Tableau, Deep Learning"
891,Python Developer,Banking,Mumbai,2-5,Bachelor's Degree,Full-time,2023,579412.0,38,"Python, Django, SQL, Excel, JavaScript, Selenium"
892,Software Developer,IT Services,Gurugram,0-2,Master's Degree,Internship,2026,657813.0,48,"Java, Python, Git, Kubernetes, TensorFlow"
893,Mobile App Developer,SaaS,Gurugram,2-5,Master's Degree,Internship,2023,635859.0,42,"Flutter, Dart, Firebase, Java, Tableau, Agile"
894,AI Engineer,Consulting,Chennai,5-8,Any Degree,Contract,2026,1610260.0,66,"Python, Deep Learning, TensorFlow, Spring Boot, Machine Learning, Kubernetes"
895,Software Developer,Telecom,Gurugram,0-2,Diploma,Full-time,2026,465026.0,43,"Java, Python, Git, Tableau, Spring Boot, Linux"
896,Mobile App Developer,IT Services,Gurugram,8+,Diploma,Internship,2025,1164727.0,48,"Flutter, Dart, Firebase, Azure, HTML/CSS, Python"
897,Web Developer,Manufacturing,Delhi NCR,0-2,Diploma,Contract,2026,312349.0,61,"JavaScript, HTML/CSS, React, Tableau, Azure, Figma"
898,Python Developer,Banking,Mumbai,8+,Diploma,Full-time,2026,1112956.0,48,"Python, Django, SQL, Deep Learning, Selenium, Communication"
899,Network Engineer,SaaS,Visakhapatnam,8+,Master's Degree,Full-time,2025,1020270.0,48,"Networking, Linux, Cisco, Python, Statistics, Communication"
900,Software Developer,Consulting,Gurugram,2-5,Bachelor's Degree,Full-time,2025,611629.0,56,"Java, Python, Git, React, Agile, Linux"
901,DevOps Engineer,IT Services,Hyderabad,5-8,Any Degree,Contract,2023,1361959.0,43,"Docker, Kubernetes, AWS, Python, Java, Git"
902,QA Engineer,Healthcare,Kochi,8+,Any Degree,Internship,2024,931254.0,40,"Selenium, Python, Java, Docker, C++, HTML/CSS"
903,Machine Learning Engineer,IT Services,Visakhapatnam,0-2,Bachelor's Degree,Contract,2023,863002.0,48,"Python, TensorFlow, Machine Learning, SQL, Kubernetes, Project Management"
904,Project Manager,Healthcare,Gurugram,8+,Bachelor's Degree,Contract,2024,1650255.0,39,"Project Management, Agile, Communication, Docker, PyTorch, Deep Learning"
905,Business Analyst,SaaS,Hyderabad,5-8,Diploma,Full-time,2023,620273.0,59,"Excel, SQL, Power BI, TensorFlow, Git, Tableau"
906,Cybersecurity Analyst,Telecom,Mumbai,2-5,Diploma,Contract,2025,870434.0,65,"Cybersecurity, Linux, Python, Power BI, PyTorch, Django"
907,Data Scientist,FinTech,Kochi,0-2,Bachelor's Degree,Full-time,2026,509682.0,68,"Python, SQL, Machine Learning, Linux, Git, HTML/CSS"
908,AI Engineer,IT Services,Delhi NCR,0-2,Diploma,Full-time,2024,881698.0,51,"Python, Deep Learning, TensorFlow, Spring Boot, Selenium, Problem Solving"
909,Mobile App Developer,FinTech,Visakhapatnam,5-8,Master's Degree,Internship,2026,871998.0,59,"Flutter, Dart, Firebase, Power BI, SQL, Linux"
910,BI Developer,Banking,Gurugram,0-2,Any Degree,Internship,2024,387906.0,54,"Power BI, SQL, Excel, Statistics, C++, Django"
911,Data Analyst,Consulting,Kochi,8+,Bachelor's Degree,Contract,2023,808632.0,54,"Excel, Python, SQL, Machine Learning, Problem Solving, Django"
912,Mobile App Developer,EdTech,Delhi NCR,8+,Master's Degree,Contract,2024,1175420.0,35,"Flutter, Dart, Firebase, React, Excel, TensorFlow"
913,AI Engineer,IT Services,Visakhapatnam,2-5,Master's Degree,Contract,2023,1233786.0,64,"Python, Deep Learning, TensorFlow, Power BI, Excel, Java"
914,Network Engineer,SaaS,Delhi NCR,2-5,Bachelor's Degree,Contract,2024,726837.0,37,"Networking, Linux, Cisco, Machine Learning, Selenium, Power BI"
915,Web Developer,EdTech,Gurugram,5-8,Master's Degree,Internship,2024,872428.0,55,"JavaScript, HTML/CSS, React, Project Management, Django, Kubernetes"
916,Network Engineer,Manufacturing,Kochi,5-8,Bachelor's Degree,Full-time,2023,1025127.0,43,"Networking, Linux, Cisco, Figma, Django, Machine Learning"
917,Project Manager,Banking,Chennai,5-8,Any Degree,Internship,2024,1332473.0,42,"Project Management, Agile, Communication, Statistics, Tableau, SQL"
918,Software Developer,Consulting,Bengaluru,5-8,Any Degree,Contract,2023,996472.0,48,"Java, Python, Git, Kubernetes, Power BI, Excel"
919,Business Analyst,Consulting,Noida,2-5,Diploma,Full-time,2023,523798.0,36,"Excel, SQL, Power BI, Communication, Machine Learning, Django"
920,Database Administrator,SaaS,Bengaluru,2-5,Any Degree,Contract,2025,737175.0,67,"SQL, Oracle, Linux, Docker, Problem Solving, Statistics"
921,Data Scientist,Manufacturing,Hyderabad,5-8,Diploma,Full-time,2026,1307554.0,81,"Python, SQL, Machine Learning, Django, Deep Learning, Linux"
922,UI/UX Designer,E-commerce,Chennai,5-8,Diploma,Internship,2023,515661.0,44,"Figma, UI/UX, Adobe XD, React, Problem Solving, Deep Learning"
923,Data Scientist,Banking,Visakhapatnam,5-8,Bachelor's Degree,Contract,2025,1284727.0,58,"Python, SQL, Machine Learning, Statistics, Project Management, Selenium"
924,Network Engineer,E-commerce,Mumbai,0-2,Master's Degree,Contract,2026,501972.0,58,"Networking, Linux, Cisco, Azure, SQL, Docker"
925,QA Engineer,Banking,Hyderabad,8+,Any Degree,Full-time,2025,853941.0,56,"Selenium, Python, Java, Project Management, Statistics, Git"
926,Java Developer,SaaS,Pune,0-2,Diploma,Full-time,2023,566380.0,54,"Java, Spring Boot, SQL, React, Communication, TensorFlow"
927,Cloud Engineer,Banking,Bengaluru,5-8,Bachelor's Degree,Full-time,2025,1277132.0,74,"AWS, Linux, Docker, SQL, Selenium, React"
928,UI/UX Designer,Manufacturing,Hyderabad,2-5,Bachelor's Degree,Internship,2023,407736.0,53,"Figma, UI/UX, Adobe XD, Docker, Project Management, Spring Boot"
929,Cybersecurity Analyst,IT Services,Pune,5-8,Diploma,Internship,2025,920495.0,78,"Cybersecurity, Linux, Python, Azure, Selenium, Kubernetes"
930,Java Developer,IT Services,Delhi NCR,0-2,Diploma,Full-time,2025,401869.0,59,"Java, Spring Boot, SQL, HTML/CSS, Statistics, Kubernetes"
931,QA Engineer,E-commerce,Bengaluru,0-2,Any Degree,Internship,2026,546553.0,66,"Selenium, Python, Java, C++, Django, TensorFlow"
932,Software Developer,IT Services,Kochi,8+,Diploma,Full-time,2026,1195081.0,50,"Java, Python, Git, HTML/CSS, Spring Boot, Kubernetes"
933,Cloud Engineer,EdTech,Gurugram,2-5,Bachelor's Degree,Contract,2023,918502.0,61,"AWS, Linux, Docker, Machine Learning, Kubernetes, Excel"
934,Product Manager,Healthcare,Visakhapatnam,2-5,Any Degree,Internship,2026,1025802.0,50,"Product Management, Agile, Communication, Statistics, Tableau, Deep Learning"
935,Python Developer,Banking,Visakhapatnam,5-8,Any Degree,Internship,2025,790389.0,61,"Python, Django, SQL, Linux, TensorFlow, JavaScript"
936,Java Developer,IT Services,Gurugram,8+,Master's Degree,Full-time,2024,1079012.0,38,"Java, Spring Boot, SQL, PyTorch, Problem Solving, Deep Learning"
937,Data Analyst,FinTech,Pune,8+,Master's Degree,Internship,2024,871278.0,72,"Excel, Python, SQL, Azure, React, Linux"
938,Software Developer,EdTech,Delhi NCR,0-2,Any Degree,Internship,2023,402125.0,55,"Java, Python, Git, Azure, Deep Learning, Machine Learning"
939,Cybersecurity Analyst,E-commerce,Gurugram,0-2,Any Degree,Contract,2024,425676.0,70,"Cybersecurity, Linux, Python, SQL, Django, Kubernetes"
940,UI/UX Designer,Manufacturing,Pune,2-5,Any Degree,Contract,2025,399204.0,64,"Figma, UI/UX, Adobe XD, Git, SQL, TensorFlow"
941,Business Analyst,E-commerce,Delhi NCR,2-5,Bachelor's Degree,Contract,2024,539161.0,45,"Excel, SQL, Power BI, Docker, Spring Boot, Selenium"
942,Java Developer,Banking,Hyderabad,8+,Bachelor's Degree,Full-time,2025,1067090.0,67,"Java, Spring Boot, SQL, React, Docker, Git"
943,DevOps Engineer,FinTech,Pune,2-5,Bachelor's Degree,Contract,2024,828205.0,46,"Docker, Kubernetes, AWS, SQL, Django, Statistics"
944,Database Administrator,Banking,Chennai,8+,Bachelor's Degree,Contract,2026,1056268.0,46,"SQL, Oracle, Linux, Statistics, Machine Learning, Git"
945,Product Manager,FinTech,Mumbai,0-2,Bachelor's Degree,Contract,2024,820531.0,42,"Product Management, Agile, Communication, Project Management, Excel, Figma"
946,Project Manager,Banking,Delhi NCR,0-2,Diploma,Full-time,2026,722042.0,46,"Project Management, Agile, Communication, Git, SQL, AWS"
947,Data Scientist,Healthcare,Bengaluru,8+,Any Degree,Full-time,2024,1661634.0,63,"Python, SQL, Machine Learning, C++, Communication, HTML/CSS"
948,Java Developer,Banking,Gurugram,0-2,Bachelor's Degree,Contract,2024,655249.0,48,"Java, Spring Boot, SQL, Agile, HTML/CSS, Python"
949,Mobile App Developer,E-commerce,Chennai,5-8,Diploma,Contract,2023,839013.0,55,"Flutter, Dart, Firebase, Django, TensorFlow, React"
950,Java Developer,Healthcare,Mumbai,8+,Any Degree,Contract,2025,1147066.0,54,"Java, Spring Boot, SQL, Figma, Azure, Selenium"
951,Cloud Engineer,Banking,Hyderabad,5-8,Diploma,Internship,2026,1189218.0,77,"AWS, Linux, Docker, Machine Learning, Power BI, Java"
952,Database Administrator,E-commerce,Noida,8+,Master's Degree,Contract,2026,1106166.0,59,"SQL, Oracle, Linux, Python, Git, C++"
953,AI Engineer,Banking,Delhi NCR,8+,Diploma,Contract,2025,2142709.0,59,"Python, Deep Learning, TensorFlow, Azure, AWS, C++"
954,Cloud Engineer,IT Services,Delhi NCR,8+,Bachelor's Degree,Internship,2025,1566393.0,78,"AWS, Linux, Docker, Java, Django, JavaScript"
955,Network Engineer,SaaS,Pune,0-2,Diploma,Internship,2023,610723.0,50,"Networking, Linux, Cisco, Excel, Problem Solving, Figma"
956,Data Scientist,Healthcare,Kochi,2-5,Diploma,Full-time,2025,1045565.0,65,"Python, SQL, Machine Learning, Django, Azure, Problem Solving"
957,Network Engineer,Healthcare,Noida,0-2,Any Degree,Contract,2024,623644.0,51,"Networking, Linux, Cisco, Problem Solving, Deep Learning, Power BI"
958,Java Developer,Banking,Mumbai,2-5,Any Degree,Full-time,2023,555133.0,47,"Java, Spring Boot, SQL, Agile, Tableau, Statistics"
959,DevOps Engineer,FinTech,Hyderabad,8+,Bachelor's Degree,Internship,2023,1606046.0,44,"Docker, Kubernetes, AWS, Agile, Django, Selenium"
960,Business Analyst,SaaS,Chennai,8+,Master's Degree,Full-time,2025,953706.0,57,"Excel, SQL, Power BI, Python, Kubernetes, Docker"
961,QA Engineer,Telecom,Gurugram,0-2,Diploma,Internship,2025,326675.0,58,"Selenium, Python, Java, Linux, PyTorch, Git"
962,Project Manager,Telecom,Chennai,8+,Any Degree,Full-time,2023,1785437.0,38,"Project Management, Agile, Communication, Problem Solving, Deep Learning, Selenium"
963,Data Analyst,Healthcare,Noida,8+,Bachelor's Degree,Full-time,2026,768945.0,62,"Excel, Python, SQL, Figma, Kubernetes, AWS"
964,Java Developer,Consulting,Chennai,2-5,Master's Degree,Full-time,2024,665958.0,53,"Java, Spring Boot, SQL, Deep Learning, TensorFlow, Agile"
965,DevOps Engineer,Banking,Noida,0-2,Diploma,Internship,2025,616432.0,43,"Docker, Kubernetes, AWS, Spring Boot, Selenium, Machine Learning"
966,AI Engineer,Manufacturing,Gurugram,2-5,Bachelor's Degree,Full-time,2026,1086551.0,75,"Python, Deep Learning, TensorFlow, Problem Solving, Machine Learning, PyTorch"
967,Machine Learning Engineer,E-commerce,Noida,0-2,Any Degree,Full-time,2023,669859.0,48,"Python, TensorFlow, Machine Learning, Linux, Tableau, Excel"
968,Project Manager,E-commerce,Gurugram,0-2,Diploma,Internship,2026,599025.0,51,"Project Management, Agile, Communication, AWS, C++, Figma"
969,QA Engineer,E-commerce,Pune,2-5,Diploma,Contract,2025,650844.0,67,"Selenium, Python, Java, Problem Solving, AWS, TensorFlow"
970,Web Developer,E-commerce,Delhi NCR,8+,Bachelor's Degree,Full-time,2024,802946.0,50,"JavaScript, HTML/CSS, React, Machine Learning, Java, Tableau"
971,Web Developer,FinTech,Chennai,0-2,Diploma,Internship,2026,278332.0,45,"JavaScript, HTML/CSS, React, Deep Learning, Selenium, Java"
972,Cloud Engineer,IT Services,Delhi NCR,5-8,Diploma,Internship,2024,1361226.0,59,"AWS, Linux, Docker, Machine Learning, Spring Boot, Agile"
973,DevOps Engineer,Manufacturing,Kochi,2-5,Bachelor's Degree,Full-time,2024,850892.0,43,"Docker, Kubernetes, AWS, JavaScript, HTML/CSS, Java"
974,QA Engineer,EdTech,Noida,8+,Bachelor's Degree,Internship,2025,862792.0,49,"Selenium, Python, Java, SQL, Statistics, C++"
975,Python Developer,Consulting,Pune,0-2,,Internship,2023,638786.0,54,"Python, Django, SQL, Power BI, JavaScript, TensorFlow"
976,Network Engineer,Manufacturing,Mumbai,8+,Diploma,Internship,2023,1113192.0,46,"Networking, Linux, Cisco, Kubernetes, Figma, Machine Learning"
977,Project Manager,SaaS,Hyderabad,5-8,Diploma,Internship,2024,1328404.0,55,"Project Management, Agile, Communication, AWS, Deep Learning, Azure"
978,AI Engineer,EdTech,Noida,5-8,Master's Degree,Internship,2024,1666611.0,63,"Python, Deep Learning, TensorFlow, Project Management, Communication, Kubernetes"
979,Web Developer,EdTech,Noida,0-2,Diploma,Contract,2024,318750.0,35,"JavaScript, HTML/CSS, React, Azure, PyTorch, C++"
980,Database Administrator,Manufacturing,Mumbai,5-8,Bachelor's Degree,Internship,2023,700058.0,47,"SQL, Oracle, Linux, C++, Selenium, Deep Learning"
981,DevOps Engineer,IT Services,Mumbai,8+,Any Degree,Internship,2023,1899169.0,40,"Docker, Kubernetes, AWS, Figma, Deep Learning, TensorFlow"
982,AI Engineer,IT Services,Hyderabad,2-5,Bachelor's Degree,Full-time,2025,1201691.0,76,"Python, Deep Learning, TensorFlow, JavaScript, Java, Power BI"
983,Data Scientist,FinTech,Delhi NCR,0-2,Diploma,Internship,2025,599799.0,63,"Python, SQL, Machine Learning, Communication, Kubernetes, Problem Solving"
984,Business Analyst,IT Services,Noida,2-5,Diploma,Internship,2023,628687.0,36,"Excel, SQL, Power BI, Java, HTML/CSS, Deep Learning"
985,Project Manager,E-commerce,Noida,5-8,Bachelor's Degree,Internship,2023,1283167.0,53,"Project Management, Agile, Communication, Power BI, Git, Azure"
986,Machine Learning Engineer,FinTech,Hyderabad,0-2,Bachelor's Degree,Full-time,2024,675697.0,45,"Python, TensorFlow, Machine Learning, Spring Boot, Figma, SQL"
987,Database Administrator,FinTech,Gurugram,2-5,Any Degree,Internship,2024,734222.0,36,"SQL, Oracle, Linux, Problem Solving, Java, Git"
988,Java Developer,E-commerce,Mumbai,2-5,Diploma,Internship,2025,795582.0,52,"Java, Spring Boot, SQL, Git, HTML/CSS, React"
989,DevOps Engineer,Consulting,Hyderabad,5-8,Master's Degree,Full-time,2025,1284657.0,68,"Docker, Kubernetes, AWS, Figma, PyTorch, Deep Learning"
990,Business Analyst,Manufacturing,Pune,8+,Diploma,Internship,2024,904076.0,46,"Excel, SQL, Power BI, Statistics, Communication, Kubernetes"
991,AI Engineer,FinTech,Mumbai,2-5,Master's Degree,Contract,2024,1130306.0,70,"Python, Deep Learning, TensorFlow, Excel, Tableau, PyTorch"
992,UI/UX Designer,EdTech,Visakhapatnam,8+,Diploma,Full-time,2025,897491.0,46,"Figma, UI/UX, Adobe XD, SQL, Git, Selenium"
993,BI Developer,EdTech,Gurugram,0-2,Master's Degree,Full-time,2025,436133.0,57,"Power BI, SQL, Excel, Azure, Kubernetes, HTML/CSS"
994,Mobile App Developer,SaaS,Gurugram,8+,Diploma,Contract,2026,,54,"Flutter, Dart, Firebase, React, HTML/CSS, Figma"
995,Business Analyst,IT Services,Mumbai,0-2,Bachelor's Degree,Full-time,2024,386295.0,47,"Excel, SQL, Power BI, Project Management, Docker, Spring Boot"
996,Java Developer,SaaS,Mumbai,2-5,Diploma,Full-time,2024,583967.0,37,"Java, Spring Boot, SQL, Kubernetes, Statistics, Excel"
997,UI/UX Designer,E-commerce,Noida,2-5,Master's Degree,Full-time,2026,370121.0,48,"Figma, UI/UX, Adobe XD, Java, C++, Excel"
998,Machine Learning Engineer,E-commerce,Chennai,8+,Master's Degree,Contract,2025,1747798.0,55,"Python, TensorFlow, Machine Learning, Tableau, Deep Learning, Django"
999,Business Analyst,Healthcare,Gurugram,2-5,Diploma,Internship,2023,505507.0,45,"Excel, SQL, Power BI, React, Linux, Project Management"
1000,BI Developer,Telecom,Visakhapatnam,8+,Master's Degree,Full-time,2023,1300963.0,54,"Power BI, SQL, Excel, Spring Boot, Python, Git"
1001,Database Administrator,Manufacturing,Delhi NCR,8+,Master's Degree,Full-time,2023,1174375.0,50,"SQL, Oracle, Linux, Selenium, HTML/CSS, Java"
1002,Cybersecurity Analyst,FinTech,Noida,2-5,Bachelor's Degree,Contract,2025,707713.0,73,"Cybersecurity, Linux, Python, Git, AWS, Figma"
1003,Java Developer,Telecom,Pune,0-2,Bachelor's Degree,Full-time,2023,473886.0,52,"Java, Spring Boot, SQL, Agile, Tableau, Figma"
1004,Python Developer,Manufacturing,Visakhapatnam,8+,Bachelor's Degree,Contract,2026,1003476.0,56,"Python, Django, SQL, Figma, Communication, Azure"
1005,DevOps Engineer,SaaS,Hyderabad,5-8,Bachelor's Degree,Full-time,2026,1414301.0,59,"Docker, Kubernetes, AWS, Problem Solving, Git, Django"
1006,AI Engineer,FinTech,Noida,5-8,Any Degree,Contract,2024,1694460.0,56,"Python, Deep Learning, TensorFlow, Problem Solving, Spring Boot, C++"
1007,UI/UX Designer,IT Services,Mumbai,8+,Any Degree,Contract,2023,810131.0,43,"Figma, UI/UX, Adobe XD, PyTorch, Spring Boot, Docker"
1008,Cybersecurity Analyst,Manufacturing,Bengaluru,5-8,Bachelor's Degree,Internship,2025,927065.0,72,"Cybersecurity, Linux, Python, SQL, Machine Learning, Docker"
1009,Database Administrator,Manufacturing,Bengaluru,2-5,Any Degree,Contract,2026,535214.0,52,"SQL, Oracle, Linux, Tableau, Java, Problem Solving"
1010,Database Administrator,SaaS,Gurugram,8+,Bachelor's Degree,Contract,2024,912192.0,39,"SQL, Oracle, Linux, Docker, Kubernetes, Excel"
1011,Machine Learning Engineer,Banking,Delhi NCR,0-2,Any Degree,Full-time,2026,675179.0,45,"Python, TensorFlow, Machine Learning, Agile, C++, Figma"
1012,QA Engineer,Banking,Mumbai,0-2,Diploma,Internship,2024,372270.0,48,"Selenium, Python, Java, Deep Learning, HTML/CSS, Project Management"
1013,Java Developer,Manufacturing,Mumbai,8+,Any Degree,Full-time,2023,1272923.0,35,"Java, Spring Boot, SQL, Communication, Docker, Git"
1014,BI Developer,Banking,Pune,5-8,Master's Degree,Full-time,2025,849144.0,58,"Power BI, SQL, Excel, Git, Python, Problem Solving"
1015,Cybersecurity Analyst,Consulting,Visakhapatnam,5-8,Diploma,Contract,2026,982437.0,68,"Cybersecurity, Linux, Python, Deep Learning, PyTorch, SQL"
1016,UI/UX Designer,Consulting,Pune,2-5,Bachelor's Degree,Internship,2026,511895.0,66,"Figma, UI/UX, Adobe XD, HTML/CSS, Kubernetes, SQL"
1017,AI Engineer,FinTech,Delhi NCR,5-8,Bachelor's Degree,Full-time,2024,1501209.0,64,"Python, Deep Learning, TensorFlow, Project Management, Docker, Linux"
1018,QA Engineer,SaaS,Pune,8+,Any Degree,Full-time,2025,924617.0,65,"Selenium, Python, Java, Project Management, SQL, Docker"
1019,AI Engineer,Telecom,Pune,8+,Master's Degree,Internship,2023,1965491.0,60,"Python, Deep Learning, TensorFlow, Tableau, Spring Boot, Git"
1020,AI Engineer,EdTech,Noida,5-8,Diploma,Internship,2024,1505821.0,70,"Python, Deep Learning, TensorFlow, Kubernetes, Figma, Tableau"
1021,AI Engineer,Healthcare,Noida,8+,Bachelor's Degree,Internship,2026,1985885.0,67,"Python, Deep Learning, TensorFlow, Linux, JavaScript, AWS"
1022,UI/UX Designer,FinTech,Pune,8+,Master's Degree,Full-time,2026,992274.0,48,"Figma, UI/UX, Adobe XD, AWS, JavaScript, Django"
1023,Mobile App Developer,FinTech,Kochi,5-8,Bachelor's Degree,Contract,2026,837943.0,58,"Flutter, Dart, Firebase, Java, TensorFlow, Django"
1024,Mobile App Developer,Manufacturing,Noida,8+,Master's Degree,Contract,2024,1010719.0,50,"Flutter, Dart, Firebase, Project Management, React, Java"
1025,Cybersecurity Analyst,IT Services,Hyderabad,8+,Master's Degree,Contract,2024,1237757.0,62,"Cybersecurity, Linux, Python, Figma, Spring Boot, Machine Learning"
1026,Software Developer,EdTech,Visakhapatnam,8+,Any Degree,Internship,2024,1316613.0,36,"Java, Python, Git, Power BI, SQL, Agile"
1027,Business Analyst,Telecom,Hyderabad,0-2,Any Degree,Contract,2025,474738.0,48,"Excel, SQL, Power BI, Selenium, Figma, Django"
1028,Data Scientist,Telecom,Mumbai,8+,Bachelor's Degree,Full-time,2023,1614987.0,63,"Python, SQL, Machine Learning, PyTorch, Figma, Deep Learning"
1029,DevOps Engineer,FinTech,Visakhapatnam,8+,Master's Degree,Contract,2024,1796961.0,50,"Docker, Kubernetes, AWS, Tableau, React, Statistics"
1030,Network Engineer,Consulting,Hyderabad,5-8,Diploma,Internship,2026,857732.0,62,"Networking, Linux, Cisco, Figma, Azure, Git"
1031,Mobile App Developer,E-commerce,Bengaluru,5-8,Diploma,Contract,2024,662782.0,51,"Flutter, Dart, Firebase, Statistics, Docker, TensorFlow"
1032,Java Developer,Banking,Visakhapatnam,8+,Master's Degree,Internship,2026,1201983.0,47,"Java, Spring Boot, SQL, JavaScript, Agile, Statistics"
1033,Business Analyst,Healthcare,Mumbai,5-8,Any Degree,Contract,2023,634509.0,51,"Excel, SQL, Power BI, Python, Docker, Azure"
1034,Java Developer,E-commerce,Delhi NCR,5-8,Any Degree,Full-time,2025,868393.0,59,"Java, Spring Boot, SQL, Deep Learning, Figma, React"
1035,Business Analyst,FinTech,Bengaluru,5-8,Master's Degree,Contract,2025,651928.0,51,"Excel, SQL, Power BI, React, Docker, Selenium"
1036,UI/UX Designer,IT Services,Visakhapatnam,2-5,Diploma,Internship,2024,419068.0,38,"Figma, UI/UX, Adobe XD, SQL, Kubernetes, Django"
1037,DevOps Engineer,Manufacturing,Kochi,8+,Master's Degree,Full-time,2023,1770010.0,40,"Docker, Kubernetes, AWS, React, HTML/CSS, Statistics"
1038,UI/UX Designer,IT Services,Pune,5-8,Master's Degree,Internship,2025,517407.0,50,"Figma, UI/UX, Adobe XD, JavaScript, Communication, Project Management"
1039,Data Scientist,Healthcare,Chennai,8+,Bachelor's Degree,Full-time,2024,1539281.0,60,"Python, SQL, Machine Learning, Django, Power BI"
1040,Software Developer,FinTech,Gurugram,0-2,Bachelor's Degree,Internship,2026,542710.0,52,"Java, Python, Git, HTML/CSS, Selenium, TensorFlow"
1041,Software Developer,Healthcare,Gurugram,5-8,Master's Degree,Contract,2026,1046368.0,63,"Java, Python, Git, Selenium, Docker, TensorFlow"
1042,Product Manager,Banking,Kochi,2-5,Any Degree,Full-time,2025,957342.0,52,"Product Management, Agile, Communication, Spring Boot, Deep Learning, Machine Learning"
1043,Product Manager,EdTech,Bengaluru,2-5,Bachelor's Degree,Contract,2026,908638.0,57,"Product Management, Agile, Communication, Problem Solving, AWS, Spring Boot"
1044,AI Engineer,Healthcare,Pune,2-5,Any Degree,Full-time,2023,1082160.0,71,"Python, Deep Learning, TensorFlow, Git, Docker, Project Management"
1045,Cybersecurity Analyst,Healthcare,Visakhapatnam,2-5,Master's Degree,Contract,2024,637571.0,55,"Cybersecurity, Linux, Python, AWS, Project Management, JavaScript"
1046,Product Manager,Telecom,Visakhapatnam,5-8,Diploma,Contract,2025,1386594.0,47,"Product Management, Agile, Communication, Statistics, C++, Docker"
1047,Database Administrator,Consulting,Delhi NCR,8+,Any Degree,Contract,2025,1128808.0,44,"SQL, Oracle, Linux, Python, Agile, AWS"
1048,Python Developer,Banking,Gurugram,2-5,Bachelor's Degree,Contract,2023,607582.0,46,"Python, Django, SQL, Problem Solving, Git, Docker"
1049,Business Analyst,Manufacturing,Delhi NCR,8+,Diploma,Internship,2024,1056921.0,40,"Excel, SQL, Power BI, JavaScript, Java, Git"
1050,QA Engineer,IT Services,Gurugram,8+,Bachelor's Degree,Full-time,2026,874953.0,44,"Selenium, Python, Java, Spring Boot, Django, Azure"
1051,Network Engineer,Manufacturing,Mumbai,5-8,Any Degree,Full-time,2025,788309.0,53,"Networking, Linux, Cisco, Tableau, Communication, Excel"
1052,QA Engineer,SaaS,Mumbai,0-2,Diploma,Internship,2024,391478.0,43,"Selenium, Python, Java, Kubernetes, Django, PyTorch"
1053,Python Developer,EdTech,Hyderabad,2-5,Master's Degree,Internship,2025,,58,"Python, Django, SQL, Machine Learning, C++, AWS"
1054,DevOps Engineer,SaaS,Mumbai,0-2,Bachelor's Degree,Internship,2023,712672.0,50,"Docker, Kubernetes, AWS, Machine Learning, Linux, Statistics"
1055,Project Manager,IT Services,Delhi NCR,5-8,Bachelor's Degree,Internship,2026,1352041.0,53,"Project Management, Agile, Communication, Linux, C++, TensorFlow"
1056,QA Engineer,Manufacturing,Hyderabad,2-5,Master's Degree,Full-time,2023,649577.0,59,"Selenium, Python, Java, Power BI, Django, Machine Learning"
1057,BI Developer,Consulting,Mumbai,2-5,Diploma,Contract,2026,775133.0,61,"Power BI, SQL, Excel, Java, HTML/CSS, Figma"
1058,BI Developer,Telecom,Bengaluru,8+,Diploma,Full-time,2025,1105661.0,52,"Power BI, SQL, Excel, Git, AWS, Machine Learning"
1059,Network Engineer,Consulting,Kochi,5-8,Master's Degree,Full-time,2024,1022973.0,39,"Networking, Linux, Cisco, Figma, Statistics, PyTorch"
1060,Cybersecurity Analyst,FinTech,Pune,0-2,Diploma,Full-time,2023,613838.0,65,"Cybersecurity, Linux, Python, PyTorch, Kubernetes, Power BI"
1061,Web Developer,Banking,Chennai,5-8,Master's Degree,Contract,2024,659893.0,35,"JavaScript, HTML/CSS, React, C++, Project Management, Azure"
1062,Business Analyst,Consulting,Bengaluru,0-2,Bachelor's Degree,Full-time,2024,394043.0,52,"Excel, SQL, Power BI, Linux, C++, Project Management"
1063,Project Manager,Manufacturing,Visakhapatnam,2-5,Diploma,Contract,2023,821107.0,46,"Project Management, Agile, Communication, Linux, Figma, PyTorch"
1064,Web Developer,Manufacturing,Hyderabad,5-8,Any Degree,Full-time,2025,742620.0,61,"JavaScript, HTML/CSS, React, Deep Learning, Python, Linux"
1065,Database Administrator,FinTech,Mumbai,5-8,Any Degree,Contract,2026,758807.0,63,"SQL, Oracle, Linux, Communication, Power BI, Selenium"
1066,DevOps Engineer,IT Services,Delhi NCR,2-5,Bachelor's Degree,Full-time,2024,989373.0,50,"Docker, Kubernetes, AWS, Tableau, PyTorch, Problem Solving"
1067,Web Developer,EdTech,Mumbai,8+,Diploma,Full-time,2026,851725.0,48,"JavaScript, HTML/CSS, React, PyTorch, Tableau, Agile"
1068,Data Analyst,Healthcare,Gurugram,5-8,Bachelor's Degree,Contract,2025,732694.0,58,"Excel, Python, SQL, Docker, Selenium, AWS"
1069,Product Manager,E-commerce,Bengaluru,8+,Bachelor's Degree,Full-time,2026,1928750.0,53,"Product Management, Agile, Communication, Figma, Machine Learning, Java"
1070,Cloud Engineer,Telecom,Hyderabad,8+,Bachelor's Degree,Contract,2023,1639329.0,59,"AWS, Linux, Docker, Machine Learning, Django, Deep Learning"
1071,Product Manager,E-commerce,Mumbai,5-8,Any Degree,Internship,2025,1532071.0,58,"Product Management, Agile, Communication, Spring Boot, Selenium, Power BI"
1072,Web Developer,Healthcare,Pune,2-5,Diploma,Internship,2024,607762.0,52,"JavaScript, HTML/CSS, React, Agile, Power BI, Problem Solving"
1073,Cloud Engineer,Banking,Chennai,5-8,Diploma,Full-time,2024,1213587.0,66,"AWS, Linux, Docker, Deep Learning, Communication, Spring Boot"
1074,BI Developer,E-commerce,Delhi NCR,8+,Master's Degree,Internship,2023,1289564.0,35,"Power BI, SQL, Excel, Statistics, C++, HTML/CSS"
1075,Cloud Engineer,Telecom,Pune,8+,Any Degree,Contract,2025,1645153.0,81,"AWS, Linux, Docker, Kubernetes, JavaScript, Figma"
1076,UI/UX Designer,Banking,Visakhapatnam,5-8,Diploma,Contract,2026,686638.0,51,"Figma, UI/UX, Adobe XD, Machine Learning, Git, Java"
1077,UI/UX Designer,EdTech,Hyderabad,5-8,Master's Degree,Contract,2025,617954.0,51,"Figma, UI/UX, Adobe XD, Python, Deep Learning, Tableau"
1078,Software Developer,Banking,Kochi,5-8,Any Degree,Internship,2024,955769.0,40,"Java, Python, Git, Django, Power BI, PyTorch"
1079,Python Developer,IT Services,Chennai,5-8,Bachelor's Degree,Internship,2024,912672.0,51,"Python, Django, SQL, Project Management, JavaScript, Spring Boot"
1080,AI Engineer,Manufacturing,Chennai,2-5,Master's Degree,Internship,2024,1020041.0,57,"Python, Deep Learning, TensorFlow, JavaScript, Figma, Selenium"
1081,BI Developer,Banking,Chennai,5-8,Diploma,Full-time,2023,936931.0,49,"Power BI, SQL, Excel, PyTorch, Machine Learning, TensorFlow"
1082,Cybersecurity Analyst,FinTech,Bengaluru,5-8,Any Degree,Full-time,2025,882626.0,64,"Cybersecurity, Linux, Python, Problem Solving, Spring Boot, Power BI"
1083,Product Manager,Healthcare,Pune,8+,Bachelor's Degree,Full-time,2026,1817299.0,59,"Product Management, Agile, Communication, JavaScript, React, Statistics"
1084,Python Developer,FinTech,Noida,8+,Bachelor's Degree,Internship,2024,1042722.0,35,"Python, Django, SQL, Git, Project Management, Kubernetes"
1085,Project Manager,SaaS,Hyderabad,8+,Any Degree,Full-time,2026,1589646.0,67,"Project Management, Agile, Communication, Power BI, Deep Learning, Figma"
1086,Network Engineer,IT Services,Mumbai,0-2,Diploma,Full-time,2026,558069.0,58,"Networking, Linux, Cisco, AWS, PyTorch, Java"
1087,Software Developer,SaaS,Hyderabad,8+,Diploma,Internship,2025,1351012.0,51,"Java, Python, Git, Machine Learning, Excel, Figma"
1088,DevOps Engineer,Manufacturing,Mumbai,5-8,Master's Degree,Internship,2025,1474925.0,58,"Docker, Kubernetes, AWS, Excel, Python, Power BI"
1089,Cloud Engineer,Telecom,Visakhapatnam,8+,Any Degree,Full-time,2025,1668201.0,74,"AWS, Linux, Docker, Spring Boot, Azure, Selenium"
1090,Software Developer,FinTech,Visakhapatnam,2-5,Any Degree,Internship,2023,688210.0,48,"Java, Python, Git, Communication, Problem Solving, Selenium"
1091,Data Scientist,Consulting,Delhi NCR,0-2,Bachelor's Degree,Full-time,2026,782059.0,71,"Python, SQL, Machine Learning, Statistics, Figma, Agile"
1092,Java Developer,EdTech,Bengaluru,8+,Diploma,Contract,2023,1240568.0,51,"Java, Spring Boot, SQL, Agile, Machine Learning, Git"
1093,DevOps Engineer,IT Services,Gurugram,5-8,Diploma,Internship,2025,1410583.0,60,"Docker, Kubernetes, AWS, Java, JavaScript, Django"
1094,Database Administrator,Consulting,Pune,5-8,Diploma,Contract,2023,874920.0,47,"SQL, Oracle, Linux, Problem Solving, Project Management, Statistics"
1095,Machine Learning Engineer,EdTech,Noida,2-5,Diploma,Contract,2026,1146969.0,58,"Python, TensorFlow, Machine Learning, React, C++, Problem Solving"
1096,Database Administrator,E-commerce,Pune,0-2,Diploma,Internship,2025,416936.0,68,"SQL, Oracle, Linux, Git, TensorFlow, Communication"
1097,Java Developer,SaaS,Noida,0-2,Master's Degree,Internship,2023,397162.0,43,"Java, Spring Boot, SQL, Selenium, Communication, Azure"
1098,AI Engineer,Telecom,Delhi NCR,0-2,Bachelor's Degree,Contract,2024,893502.0,69,"Python, Deep Learning, TensorFlow, Agile, Statistics, Git"
1099,UI/UX Designer,Healthcare,Bengaluru,5-8,Master's Degree,Full-time,2024,,47,"Figma, UI/UX, Adobe XD, React, Project Management, Selenium"
1100,Web Developer,IT Services,Pune,0-2,Master's Degree,Contract,2025,517259.0,65,"JavaScript, HTML/CSS, React, TensorFlow, Deep Learning, Machine Learning"
1101,Project Manager,Telecom,Visakhapatnam,5-8,Diploma,Contract,2026,1327023.0,56,"Project Management, Agile, Communication, Docker, Statistics, HTML/CSS"
1102,Network Engineer,EdTech,Kochi,2-5,Master's Degree,Full-time,2023,641498.0,52,"Networking, Linux, Cisco, Project Management, Figma, React"
1103,Product Manager,EdTech,Kochi,2-5,Any Degree,Contract,2023,1071031.0,42,"Product Management, Agile, Communication, Selenium, Django, Deep Learning"
1104,Data Scientist,SaaS,Gurugram,8+,Bachelor's Degree,Contract,2026,1419397.0,72,"Python, SQL, Machine Learning, React, Excel, Django"
1105,Python Developer,EdTech,Hyderabad,5-8,Any Degree,Contract,2023,925926.0,59,"Python, Django, SQL, Agile, Excel, Problem Solving"
1106,Python Developer,Healthcare,Noida,5-8,Master's Degree,Internship,2026,854159.0,56,"Python, Django, SQL, Spring Boot, Statistics, TensorFlow"
1107,QA Engineer,IT Services,Delhi NCR,5-8,Any Degree,Internship,2023,766234.0,37,"Selenium, Python, Java, Project Management, Power BI, Spring Boot"
1108,Web Developer,SaaS,Chennai,0-2,Bachelor's Degree,Full-time,2024,454822.0,45,"JavaScript, HTML/CSS, React, TensorFlow, Agile, Power BI"
1109,QA Engineer,Telecom,Noida,8+,Diploma,Full-time,2026,841552.0,52,"Selenium, Python, Java, Kubernetes, React, Tableau"
1110,BI Developer,Consulting,Mumbai,5-8,Bachelor's Degree,Contract,2023,940428.0,55,"Power BI, SQL, Excel, Git, Azure, Figma"
1111,Software Developer,Banking,Kochi,0-2,Master's Degree,Full-time,2023,674603.0,38,"Java, Python, Git, Excel, Communication, Azure"
1112,Data Analyst,EdTech,Bengaluru,0-2,Master's Degree,Internship,2026,480011.0,68,"Excel, Python, SQL, Spring Boot, Azure, Java"
1113,Product Manager,Manufacturing,Pune,0-2,Master's Degree,Contract,2024,791629.0,58,"Product Management, Agile, Communication, Tableau, PyTorch, Docker"
1114,Java Developer,E-commerce,Kochi,0-2,Bachelor's Degree,Contract,2026,650587.0,52,"Java, Spring Boot, SQL, Statistics, Tableau, Docker"
1115,Java Developer,Manufacturing,Visakhapatnam,8+,Any Degree,Contract,2024,1057947.0,49,"Java, Spring Boot, SQL, JavaScript, Selenium, Kubernetes"
1116,AI Engineer,EdTech,Hyderabad,2-5,Bachelor's Degree,Contract,2024,1061835.0,67,"Python, Deep Learning, TensorFlow, Machine Learning, React, Statistics"
1117,Product Manager,FinTech,Visakhapatnam,5-8,Any Degree,Internship,2023,1518560.0,51,"Product Management, Agile, Communication, TensorFlow, Selenium, Deep Learning"
1118,Web Developer,EdTech,Mumbai,2-5,Any Degree,Full-time,2024,497887.0,48,"JavaScript, HTML/CSS, React, Figma, Machine Learning, Linux"
1119,Data Analyst,FinTech,Gurugram,8+,Bachelor's Degree,Internship,2025,782898.0,67,"Excel, Python, SQL, Kubernetes, TensorFlow, Statistics"
1120,Web Developer,Banking,Hyderabad,5-8,Any Degree,Full-time,2024,811777.0,49,"JavaScript, HTML/CSS, React, Django, Python, SQL"
1121,AI Engineer,Telecom,Bengaluru,5-8,,Full-time,2024,1614340.0,69,"Python, Deep Learning, TensorFlow, Excel, React, Tableau"
1122,Network Engineer,Healthcare,Hyderabad,0-2,Diploma,Full-time,2026,383570.0,51,"Networking, Linux, Cisco, Kubernetes, JavaScript, Figma"
1123,Network Engineer,Telecom,Pune,8+,Diploma,Contract,2024,1013427.0,59,"Networking, Linux, Cisco, Tableau, Django, React"
1124,QA Engineer,Healthcare,Mumbai,0-2,Any Degree,Contract,2025,384766.0,49,"Selenium, Python, Java, Linux, Azure, Git"
1125,Data Analyst,IT Services,Noida,2-5,Bachelor's Degree,Full-time,2026,361157.0,73,"Excel, Python, SQL, JavaScript, Statistics"
1126,Network Engineer,Banking,Pune,5-8,Any Degree,Full-time,2026,840411.0,51,"Networking, Linux, Cisco, PyTorch, HTML/CSS, Power BI"
1127,AI Engineer,Healthcare,Gurugram,0-2,Master's Degree,Full-time,2024,780687.0,62,"Python, Deep Learning, TensorFlow, Tableau, HTML/CSS, Excel"
1128,Machine Learning Engineer,Telecom,Chennai,2-5,Master's Degree,Full-time,2025,1052607.0,59,"Python, TensorFlow, Machine Learning, Project Management, Excel, Communication"
1129,Network Engineer,SaaS,Bengaluru,5-8,Master's Degree,Internship,2023,1012846.0,54,"Networking, Linux, Cisco, HTML/CSS, Java, Docker"
1130,Business Analyst,E-commerce,Noida,0-2,Bachelor's Degree,Contract,2025,327570.0,57,"Excel, SQL, Power BI, Figma, C++, AWS"
1131,Cloud Engineer,Manufacturing,Visakhapatnam,2-5,Any Degree,Internship,2025,828009.0,60,"AWS, Linux, Docker, Git, SQL, Power BI"
1132,Data Analyst,E-commerce,Visakhapatnam,0-2,Any Degree,Full-time,2025,283045.0,58,"Excel, Python, SQL, JavaScript, Communication, Git"
1133,Data Scientist,SaaS,Noida,0-2,Any Degree,Contract,2023,669091.0,65,"Python, SQL, Machine Learning, Tableau, Excel, Figma"
1134,Mobile App Developer,Consulting,Noida,8+,Master's Degree,Contract,2024,1083782.0,50,"Flutter, Dart, Firebase, Docker, Django, Azure"
1135,Database Administrator,E-commerce,Chennai,2-5,Bachelor's Degree,Contract,2025,798911.0,54,"SQL, Oracle, Linux, AWS, C++, JavaScript"
1136,Python Developer,Consulting,Bengaluru,2-5,Any Degree,Contract,2026,841246.0,54,"Python, Django, SQL, JavaScript, Figma, AWS"
1137,UI/UX Designer,Consulting,Gurugram,5-8,Master's Degree,Full-time,2026,591340.0,59,"Figma, UI/UX, Adobe XD, Spring Boot, Kubernetes, Tableau"
1138,Web Developer,Healthcare,Visakhapatnam,8+,Any Degree,Full-time,2025,912444.0,47,"JavaScript, HTML/CSS, React, Kubernetes, C++, Linux"
1139,UI/UX Designer,SaaS,Mumbai,2-5,Any Degree,Full-time,2026,375153.0,55,"Figma, UI/UX, Adobe XD, Deep Learning, Java, Spring Boot"
1140,Data Analyst,Telecom,Chennai,2-5,Any Degree,Contract,2024,532371.0,54,"Excel, Python, SQL, Spring Boot, Statistics, C++"
1141,Cloud Engineer,Consulting,Pune,0-2,Bachelor's Degree,Contract,2025,712856.0,63,"AWS, Linux, Docker, Statistics, Excel, Python"
1142,Network Engineer,Healthcare,Delhi NCR,5-8,Any Degree,Contract,2024,1007203.0,53,"Networking, Linux, Cisco, Docker, Django, Git"
1143,Java Developer,Banking,Mumbai,2-5,Any Degree,Full-time,2023,815245.0,38,"Java, Spring Boot, SQL, JavaScript, React, Linux"
1144,AI Engineer,Banking,Gurugram,2-5,Any Degree,Contract,2024,1262755.0,54,"Python, Deep Learning, TensorFlow, Tableau, Project Management, Excel"
1145,Product Manager,IT Services,Pune,2-5,Diploma,Contract,2025,989200.0,66,"Product Management, Agile, Communication, Python, Linux, Spring Boot"
1146,Database Administrator,E-commerce,Hyderabad,5-8,Diploma,Contract,2024,893211.0,46,"SQL, Oracle, Linux, Java, Tableau, Project Management"
1147,Machine Learning Engineer,SaaS,Delhi NCR,8+,Diploma,Internship,2026,1997510.0,59,"Python, TensorFlow, Machine Learning, Kubernetes, C++, React"
1148,Product Manager,E-commerce,Delhi NCR,2-5,Bachelor's Degree,Contract,2023,1065154.0,45,"Product Management, Agile, Communication, HTML/CSS, Azure, AWS"
1149,UI/UX Designer,EdTech,Hyderabad,0-2,Any Degree,Contract,2023,380392.0,46,"Figma, UI/UX, Adobe XD, Python, C++, Kubernetes"
1150,Data Scientist,Telecom,Mumbai,8+,Master's Degree,Contract,2025,1522158.0,66,"Python, SQL, Machine Learning, Kubernetes, JavaScript, AWS"
1151,DevOps Engineer,Consulting,Hyderabad,5-8,Bachelor's Degree,Full-time,2023,1438443.0,44,"Docker, Kubernetes, AWS, Power BI, Python, Statistics"
1152,Java Developer,FinTech,Delhi NCR,2-5,Diploma,Internship,2024,778663.0,35,"Java, Spring Boot, SQL, Power BI, Python, Agile"
1153,Python Developer,Consulting,Visakhapatnam,0-2,Bachelor's Degree,Full-time,2025,553769.0,49,"Python, Django, SQL, Power BI, Problem Solving, JavaScript"
1154,Machine Learning Engineer,Telecom,Bengaluru,0-2,Master's Degree,Contract,2024,835093.0,56,"Python, TensorFlow, Machine Learning, AWS, Docker, Figma"
1155,Product Manager,E-commerce,Visakhapatnam,0-2,Master's Degree,Contract,2026,662754.0,48,"Product Management, Agile, Communication, Machine Learning, Python, Excel"
1156,AI Engineer,Healthcare,Visakhapatnam,0-2,Any Degree,Internship,2023,696459.0,55,"Python, Deep Learning, TensorFlow, Docker, Project Management, HTML/CSS"
1157,Cybersecurity Analyst,Telecom,Visakhapatnam,8+,Bachelor's Degree,Internship,2025,1175284.0,74,"Cybersecurity, Linux, Python, Kubernetes, Problem Solving, HTML/CSS"
1158,DevOps Engineer,E-commerce,Mumbai,0-2,Bachelor's Degree,Internship,2023,668176.0,48,"Docker, Kubernetes, AWS, Agile, SQL, Selenium"
1159,UI/UX Designer,FinTech,Bengaluru,5-8,Diploma,Internship,2025,699422.0,66,"Figma, UI/UX, Adobe XD, PyTorch, Spring Boot, Excel"
1160,UI/UX Designer,Consulting,Delhi NCR,5-8,Master's Degree,Internship,2025,719023.0,49,"Figma, UI/UX, Adobe XD, Git, Deep Learning, Communication"
1161,Data Scientist,Telecom,Delhi NCR,5-8,Any Degree,Contract,2026,1327033.0,62,"Python, SQL, Machine Learning, Azure, Deep Learning, JavaScript"
1162,Python Developer,Telecom,Delhi NCR,5-8,Master's Degree,Full-time,2024,759185.0,39,"Python, Django, SQL, Statistics, Communication, React"
1163,Data Analyst,Consulting,Noida,5-8,Diploma,Full-time,2024,519326.0,59,"Excel, Python, SQL, TensorFlow, Linux, HTML/CSS"
1164,Product Manager,Consulting,Visakhapatnam,2-5,Bachelor's Degree,Contract,2026,1001202.0,46,"Product Management, Agile, Communication, Spring Boot, SQL, Docker"
1165,Product Manager,Banking,Visakhapatnam,8+,Master's Degree,Contract,2024,1941086.0,44,"Product Management, Agile, Communication, AWS, Linux, Python"
1166,Cybersecurity Analyst,Telecom,Visakhapatnam,2-5,Diploma,Internship,2023,738891.0,54,"Cybersecurity, Linux, Python, Docker, Problem Solving, Kubernetes"
1167,Machine Learning Engineer,Consulting,Bengaluru,2-5,Any Degree,Contract,2025,982836.0,58,"Python, TensorFlow, Machine Learning, Docker, Problem Solving, HTML/CSS"
1168,Network Engineer,EdTech,Visakhapatnam,5-8,Master's Degree,Full-time,2024,989478.0,53,"Networking, Linux, Cisco, PyTorch, React, Figma"
1169,QA Engineer,IT Services,Gurugram,0-2,Any Degree,Contract,2025,375243.0,45,"Selenium, Python, Java, JavaScript, Spring Boot, Kubernetes"
1170,DevOps Engineer,Consulting,Hyderabad,5-8,Master's Degree,Full-time,2026,1393572.0,63,"Docker, Kubernetes, AWS, Azure, Project Management, SQL"
1171,Data Analyst,EdTech,Delhi NCR,2-5,Master's Degree,Internship,2026,575105.0,75,"Excel, Python, SQL, AWS, TensorFlow, Selenium"
1172,Mobile App Developer,FinTech,Visakhapatnam,0-2,Diploma,Full-time,2025,490648.0,59,"Flutter, Dart, Firebase, JavaScript, Machine Learning, Problem Solving"
1173,BI Developer,Banking,Bengaluru,2-5,Bachelor's Degree,Contract,2025,668831.0,61,"Power BI, SQL, Excel, Python, Figma, Project Management"
1174,Python Developer,Telecom,Gurugram,8+,Master's Degree,Internship,2024,1227538.0,43,"Python, Django, SQL, Java, Git, Machine Learning"
1175,UI/UX Designer,E-commerce,Mumbai,0-2,Diploma,Full-time,2024,250000.0,50,"Figma, UI/UX, Adobe XD, Statistics, Git, Deep Learning"
1176,Business Analyst,IT Services,Kochi,5-8,Diploma,Contract,2026,708661.0,44,"Excel, SQL, Power BI, AWS, Selenium, Project Management"
1177,QA Engineer,Manufacturing,Bengaluru,2-5,Master's Degree,Internship,2023,559002.0,56,"Selenium, Python, Java, Power BI, JavaScript, Tableau"
1178,Machine Learning Engineer,EdTech,Delhi NCR,8+,Bachelor's Degree,Internship,2025,1803071.0,60,"Python, TensorFlow, Machine Learning, Power BI, Deep Learning, AWS"
1179,Business Analyst,Manufacturing,Pune,8+,,Internship,2023,847718.0,47,"Excel, SQL, Power BI, Project Management, Docker, Git"
1180,AI Engineer,IT Services,Bengaluru,0-2,Diploma,Contract,2024,652652.0,59,"Python, Deep Learning, TensorFlow, Project Management, HTML/CSS, Java"
1181,Business Analyst,Manufacturing,Bengaluru,0-2,Bachelor's Degree,Full-time,2025,460892.0,50,"Excel, SQL, Power BI, Problem Solving, Machine Learning, Django"
1182,Data Scientist,Healthcare,Chennai,5-8,Any Degree,Full-time,2026,1260547.0,63,"Python, SQL, Machine Learning, Spring Boot, AWS, PyTorch"
1183,AI Engineer,SaaS,Bengaluru,5-8,Diploma,Contract,2025,1563263.0,82,"Python, Deep Learning, TensorFlow, JavaScript, React, Project Management"
1184,Network Engineer,Telecom,Mumbai,5-8,Any Degree,Full-time,2023,890494.0,51,"Networking, Linux, Cisco, Azure, Django, Spring Boot"
1185,Software Developer,Telecom,Bengaluru,2-5,Diploma,Contract,2023,640042.0,46,"Java, Python, Git, Spring Boot, Agile, Kubernetes"
1186,Data Scientist,SaaS,Chennai,0-2,Any Degree,Internship,2025,592970.0,64,"Python, SQL, Machine Learning, HTML/CSS, React, Kubernetes"
1187,Network Engineer,Telecom,Gurugram,8+,Bachelor's Degree,Internship,2024,1168248.0,42,"Networking, Linux, Cisco, C++, Agile, Selenium"
1188,Data Analyst,SaaS,Bengaluru,5-8,Master's Degree,Full-time,2023,739047.0,73,"Excel, Python, SQL, Kubernetes, Deep Learning, Linux"
1189,Database Administrator,Healthcare,Chennai,5-8,Bachelor's Degree,Full-time,2026,712829.0,52,"SQL, Oracle, Linux, Azure, Selenium, Python"
1190,Python Developer,Consulting,Mumbai,0-2,Bachelor's Degree,Internship,2024,634087.0,38,"Python, Django, SQL, Deep Learning, React, Excel"
1191,UI/UX Designer,Manufacturing,Visakhapatnam,0-2,Master's Degree,Full-time,2025,370863.0,47,"Figma, UI/UX, Adobe XD, Linux, Excel, Communication"
1192,Business Analyst,IT Services,Bengaluru,8+,Diploma,Internship,2026,923727.0,50,"Excel, SQL, Power BI, Python, Spring Boot, Tableau"
1193,Product Manager,Banking,Chennai,5-8,Bachelor's Degree,Internship,2023,1533956.0,49,"Product Management, Agile, Communication, JavaScript, React, Selenium"
1194,QA Engineer,Manufacturing,Noida,0-2,Any Degree,Internship,2026,345955.0,57,"Selenium, Python, Java, Power BI, Spring Boot, AWS"
1195,Database Administrator,Manufacturing,Delhi NCR,5-8,Diploma,Contract,2024,812100.0,49,"SQL, Oracle, Linux, Django, AWS, Kubernetes"
1196,Product Manager,Telecom,Kochi,0-2,Any Degree,Contract,2025,710645.0,63,"Product Management, Agile, Communication, Tableau, Git, Docker"
1197,Java Developer,EdTech,Bengaluru,5-8,Master's Degree,Full-time,2024,917063.0,58,"Java, Spring Boot, SQL, Agile, React, Statistics"
1198,Business Analyst,Telecom,Hyderabad,0-2,Master's Degree,Internship,2023,415870.0,57,"Excel, SQL, Power BI, Spring Boot, Python, Docker"
1199,Network Engineer,FinTech,Gurugram,5-8,Master's Degree,Internship,2025,919535.0,55,"Networking, Linux, Cisco, Kubernetes, Deep Learning, Selenium"
1200,BI Developer,Healthcare,Hyderabad,2-5,Master's Degree,Full-time,2026,794860.0,63,"Power BI, SQL, Excel, Statistics, PyTorch, JavaScript"
